date,close,adj_close
2014-12-01,12175.0,12175.0
2014-12-02,12285.0,12285.0
2014-12-03,12285.0,12285.0
2014-12-04,12285.0,12285.0
2014-12-05,12285.0,12285.0
2014-12-08,12285.0,12285.0
2014-12-09,12285.0,12285.0
2014-12-10,12285.0,12285.0
2014-12-11,12285.0,12285.0
2014-12-12,12463.0,12463.0
2014-12-15,12612.0,12612.0
2014-12-16,12850.0,12850.0
2014-12-17,12705.0,12705.0
2014-12-18,12673.0,12673.0
2014-12-19,12480.0,12480.0
2014-12-22,12435.0,12435.0
2014-12-23,12460.0,12460.0
2014-12-24,12415.0,12415.0
2014-12-25,12470.0,12470.0
2014-12-26,12470.0,12470.0
2014-12-29,12405.0,12405.0
2014-12-30,12410.0,12410.0
2014-12-31,12420.0,12420.0
2015-01-01,12390.0,12390.0
2015-01-02,12390.0,12390.0
2015-01-05,12480.0,12480.0
2015-01-06,12625.0,12625.0
2015-01-07,12635.0,12635.0
2015-01-08,12720.0,12720.0
2015-01-09,12610.0,12610.0
2015-01-12,12565.0,12565.0
2015-01-13,12558.0,12558.0
2015-01-14,12587.0,12587.0
2015-01-15,12555.0,12555.0
2015-01-16,12469.0,12469.0
2015-01-19,12580.0,12580.0
2015-01-20,12630.0,12630.0
2015-01-21,12562.0,12562.0
2015-01-22,12465.0,12465.0
2015-01-23,12405.0,12405.0
2015-01-26,12423.0,12423.0
2015-01-27,12487.0,12487.0
2015-01-28,12450.0,12450.0
2015-01-29,12455.0,12455.0
2015-01-30,12570.0,12570.0
2015-02-02,12730.0,12730.0
2015-02-03,12645.0,12645.0
2015-02-04,12575.0,12575.0
2015-02-05,12625.0,12625.0
2015-02-06,12587.0,12587.0
2015-02-09,12633.0,12633.0
2015-02-10,12665.0,12665.0
2015-02-11,12727.0,12727.0
2015-02-12,12805.0,12805.0
2015-02-13,12770.0,12770.0
2015-02-16,12677.0,12677.0
2015-02-17,12615.0,12615.0
2015-02-18,12772.0,12772.0
2015-02-19,12810.0,12810.0
2015-02-20,12885.0,12885.0
2015-02-23,12813.0,12813.0
2015-02-24,12860.0,12860.0
2015-02-25,12797.0,12797.0
2015-02-26,12855.0,12855.0
2015-02-27,12857.0,12857.0
2015-03-02,12978.0,12978.0
2015-03-03,12995.0,12995.0
2015-03-04,12970.0,12970.0
2015-03-05,13015.0,13015.0
2015-03-06,12900.0,12900.0
2015-03-09,13030.0,13030.0
2015-03-10,13073.0,13073.0
2015-03-11,13070.0,13070.0
2015-03-12,13175.0,13175.0
2015-03-13,13170.0,13170.0
2015-03-16,13185.0,13185.0
2015-03-17,13195.0,13195.0
2015-03-18,13120.0,13120.0
2015-03-19,12880.0,12880.0
2015-03-20,13058.0,13058.0
2015-03-23,13025.0,13025.0
2015-03-24,12943.0,12943.0
2015-03-25,12905.0,12905.0
2015-03-26,12930.0,12930.0
2015-03-27,13010.0,13010.0
2015-03-30,13035.0,13035.0
2015-03-31,13087.0,13087.0
2015-04-01,13060.0,13060.0
2015-04-02,12958.0,12958.0
2015-04-03,12985.0,12985.0
2015-04-06,12965.0,12965.0
2015-04-07,12945.0,12945.0
2015-04-08,12995.0,12995.0
2015-04-09,12925.0,12925.0
2015-04-10,12935.0,12935.0
2015-04-13,12890.0,12890.0
2015-04-14,13045.0,13045.0
2015-04-15,12975.0,12975.0
2015-04-16,12897.0,12897.0
2015-04-17,12820.0,12820.0
2015-04-20,12800.0,12800.0
2015-04-21,12970.0,12970.0
2015-04-22,12925.0,12925.0
2015-04-23,12900.0,12900.0
2015-04-24,12930.0,12930.0
2015-04-27,12942.0,12942.0
2015-04-28,12927.0,12927.0
2015-04-29,12935.0,12935.0
2015-04-30,12915.0,12915.0
2015-05-01,12957.0,12957.0
2015-05-04,12975.0,12975.0
2015-05-05,12860.0,12860.0
2015-05-06,13005.0,13005.0
2015-05-07,13004.0,13004.0
2015-05-08,13095.0,13095.0
2015-05-11,13047.0,13047.0
2015-05-12,13170.0,13170.0
2015-05-13,13145.0,13145.0
2015-05-14,13102.0,13102.0
2015-05-15,13013.0,13013.0
2015-05-18,13047.0,13047.0
2015-05-19,13162.0,13162.0
2015-05-20,13168.0,13168.0
2015-05-21,13015.0,13015.0
2015-05-22,13108.0,13108.0
2015-05-25,13140.0,13140.0
2015-05-26,13173.0,13173.0
2015-05-27,13217.0,13217.0
2015-05-28,13170.0,13170.0
2015-05-29,13165.0,13165.0
2015-06-01,13200.0,13200.0
2015-06-02,13188.0,13188.0
2015-06-03,13150.0,13150.0
2015-06-04,13230.0,13230.0
2015-06-05,13275.0,13275.0
2015-06-08,13388.0,13388.0
2015-06-09,13310.0,13310.0
2015-06-10,13345.0,13345.0
2015-06-11,13205.0,13205.0
2015-06-12,13230.0,13230.0
2015-06-15,13315.0,13315.0
2015-06-16,13320.0,13320.0
2015-06-17,13340.0,13340.0
2015-06-18,13330.0,13330.0
2015-06-19,13290.0,13290.0
2015-06-22,13310.0,13310.0
2015-06-23,13302.0,13302.0
2015-06-24,13250.0,13250.0
2015-06-25,13290.0,13290.0
2015-06-26,13303.0,13303.0
2015-06-29,13322.0,13322.0
2015-06-30,13322.0,13322.0
2015-07-01,13342.0,13342.0
2015-07-02,13318.0,13318.0
2015-07-03,13260.0,13260.0
2015-07-06,13340.0,13340.0
2015-07-07,13340.0,13340.0
2015-07-08,13325.0,13325.0
2015-07-09,13335.0,13335.0
2015-07-10,13303.0,13303.0
2015-07-13,13278.0,13278.0
2015-07-14,13280.0,13280.0
2015-07-15,13305.0,13305.0
2015-07-16,13338.0,13338.0
2015-07-17,13331.0,13331.0
2015-07-20,13350.0,13350.0
2015-07-21,13340.0,13340.0
2015-07-22,13335.0,13335.0
2015-07-23,13400.0,13400.0
2015-07-24,13430.0,13430.0
2015-07-27,13430.0,13430.0
2015-07-28,13465.0,13465.0
2015-07-29,13290.0,13290.0
2015-07-30,13460.0,13460.0
2015-07-31,13492.0,13492.0
2015-08-03,13425.0,13425.0
2015-08-04,13440.0,13440.0
2015-08-05,13485.0,13485.0
2015-08-06,13517.0,13517.0
2015-08-07,13465.0,13465.0
2015-08-10,13465.0,13465.0
2015-08-11,13467.0,13467.0
2015-08-12,13605.0,13605.0
2015-08-13,13745.0,13745.0
2015-08-14,13675.0,13675.0
2015-08-17,13715.0,13715.0
2015-08-18,13830.0,13830.0
2015-08-19,13828.0,13828.0
2015-08-20,13748.0,13748.0
2015-08-21,13885.0,13885.0
2015-08-24,13815.0,13815.0
2015-08-25,13915.0,13915.0
2015-08-26,13800.0,13800.0
2015-08-27,13960.0,13960.0
2015-08-28,13795.0,13795.0
2015-08-31,13910.0,13910.0
2015-09-01,14000.0,14000.0
2015-09-02,13988.0,13988.0
2015-09-03,14050.0,14050.0
2015-09-04,14065.0,14065.0
2015-09-07,14190.0,14190.0
2015-09-08,14275.0,14275.0
2015-09-09,14160.0,14160.0
2015-09-10,14250.0,14250.0
2015-09-11,14235.0,14235.0
2015-09-14,14270.0,14270.0
2015-09-15,14310.0,14310.0
2015-09-16,14400.0,14400.0
2015-09-17,14377.0,14377.0
2015-09-18,14225.0,14225.0
2015-09-21,14403.0,14403.0
2015-09-22,14470.0,14470.0
2015-09-23,14595.0,14595.0
2015-09-24,14640.0,14640.0
2015-09-25,14670.0,14670.0
2015-09-28,14617.0,14617.0
2015-09-29,14697.0,14697.0
2015-09-30,14680.0,14680.0
2015-10-01,14552.0,14552.0
2015-10-02,14665.0,14665.0
2015-10-05,14605.0,14605.0
2015-10-06,14433.0,14433.0
2015-10-07,14060.0,14060.0
2015-10-08,13865.0,13865.0
2015-10-09,13410.0,13410.0
2015-10-12,13320.0,13320.0
2015-10-13,13502.0,13502.0
2015-10-14,13650.0,13650.0
2015-10-15,13260.0,13260.0
2015-10-16,13400.0,13400.0
2015-10-19,13475.0,13475.0
2015-10-20,13650.0,13650.0
2015-10-21,13733.0,13733.0
2015-10-22,13700.0,13700.0
2015-10-23,13478.0,13478.0
2015-10-26,13520.0,13520.0
2015-10-27,13610.0,13610.0
2015-10-28,13650.0,13650.0
2015-10-29,13602.0,13602.0
2015-10-30,13602.0,13602.0
2015-11-02,13630.0,13630.0
2015-11-03,13580.0,13580.0
2015-11-04,13395.0,13395.0
2015-11-05,13455.0,13455.0
2015-11-06,13525.0,13525.0
2015-11-09,13610.0,13610.0
2015-11-10,13645.0,13645.0
2015-11-11,13560.0,13560.0
2015-11-12,13525.0,13525.0
2015-11-13,13610.0,13610.0
2015-11-16,13743.0,13743.0
2015-11-17,13708.0,13708.0
2015-11-18,13720.0,13720.0
2015-11-19,13705.0,13705.0
2015-11-20,13655.0,13655.0
2015-11-23,13540.0,13540.0
2015-11-24,13665.0,13665.0
2015-11-25,13620.0,13620.0
2015-11-26,13590.0,13590.0
2015-11-27,13735.0,13735.0
2015-11-30,13638.0,13638.0
2015-12-01,13883.0,13883.0
2015-12-02,13820.0,13820.0
2015-12-03,13807.0,13807.0
2015-12-04,13695.0,13695.0
2015-12-07,13758.0,13758.0
2015-12-08,13870.0,13870.0
2015-12-09,13979.0,13979.0
2015-12-10,13920.0,13920.0
2015-12-11,13925.0,13925.0
2015-12-14,14130.0,14130.0
2015-12-15,13997.0,13997.0
2015-12-16,13970.0,13970.0
2015-12-17,13760.0,13760.0
2015-12-18,14020.0,14020.0
2015-12-21,13865.0,13865.0
2015-12-22,13760.0,13760.0
2015-12-23,13645.0,13645.0
2015-12-24,13625.0,13625.0
2015-12-25,13630.0,13630.0
2015-12-28,13630.0,13630.0
2015-12-29,13495.0,13495.0
2015-12-30,13682.0,13682.0
2015-12-31,13845.0,13845.0
2016-01-01,13775.0,13775.0
2016-01-04,13775.0,13775.0
2016-01-05,13957.0,13957.0
2016-01-06,13805.0,13805.0
2016-01-07,13905.0,13905.0
2016-01-08,13930.0,13930.0
2016-01-11,13890.0,13890.0
2016-01-12,13805.0,13805.0
2016-01-13,13795.0,13795.0
2016-01-14,13847.0,13847.0
2016-01-15,13825.0,13825.0
2016-01-18,13973.0,13973.0
2016-01-19,13925.0,13925.0
2016-01-20,13830.0,13830.0
2016-01-21,13825.0,13825.0
2016-01-22,13769.0,13769.0
2016-01-25,13747.0,13747.0
2016-01-26,13830.0,13830.0
2016-01-27,13880.0,13880.0
2016-01-28,13802.0,13802.0
2016-01-29,13765.0,13765.0
2016-02-01,13675.0,13675.0
2016-02-02,13630.0,13630.0
2016-02-03,13730.0,13730.0
2016-02-04,13582.0,13582.0
2016-02-05,13612.0,13612.0
2016-02-08,13585.0,13585.0
2016-02-09,13676.0,13676.0
2016-02-10,13560.0,13560.0
2016-02-11,13455.0,13455.0
2016-02-12,13480.0,13480.0
2016-02-15,13465.0,13465.0
2016-02-16,13275.0,13275.0
2016-02-17,13397.0,13397.0
2016-02-18,13500.0,13500.0
2016-02-19,13415.0,13415.0
2016-02-22,13427.0,13427.0
2016-02-23,13385.0,13385.0
2016-02-24,13410.0,13410.0
2016-02-25,13385.0,13385.0
2016-02-26,13430.0,13430.0
2016-02-29,13425.0,13425.0
2016-03-01,13365.0,13365.0
2016-03-02,13246.0,13246.0
2016-03-03,13249.0,13249.0
2016-03-04,13140.0,13140.0
2016-03-07,13028.0,13028.0
2016-03-08,13000.0,13000.0
2016-03-09,13181.0,13181.0
2016-03-10,13100.0,13100.0
2016-03-11,13130.0,13130.0
2016-03-14,12943.0,12943.0
2016-03-15,12980.0,12980.0
2016-03-16,13123.0,13123.0
2016-03-17,12770.0,12770.0
2016-03-18,12935.0,12935.0
2016-03-21,13038.0,13038.0
2016-03-22,13183.0,13183.0
2016-03-23,13101.0,13101.0
2016-03-24,13215.0,13215.0
2016-03-25,13233.0,13233.0
2016-03-28,13170.0,13170.0
2016-03-29,13278.0,13278.0
2016-03-30,13180.0,13180.0
2016-03-31,13240.0,13240.0
2016-04-01,13158.0,13158.0
2016-04-04,13127.0,13127.0
2016-04-05,13140.0,13140.0
2016-04-06,13210.0,13210.0
2016-04-07,13172.0,13172.0
2016-04-08,13172.0,13172.0
2016-04-11,13115.0,13115.0
2016-04-12,13095.0,13095.0
2016-04-13,13073.0,13073.0
2016-04-14,13145.0,13145.0
2016-04-15,13172.0,13172.0
2016-04-18,13130.0,13130.0
2016-04-19,13104.0,13104.0
2016-04-20,13086.0,13086.0
2016-04-21,13166.0,13166.0
2016-04-22,13172.0,13172.0
2016-04-25,13195.0,13195.0
2016-04-26,13190.0,13190.0
2016-04-27,13160.0,13160.0
2016-04-28,13155.0,13155.0
2016-04-29,13170.0,13170.0
2016-05-02,13175.0,13175.0
2016-05-03,13095.0,13095.0
2016-05-04,13185.0,13185.0
2016-05-05,13350.0,13350.0
2016-05-06,13345.0,13345.0
2016-05-09,13310.0,13310.0
2016-05-10,13377.0,13377.0
2016-05-11,13298.0,13298.0
2016-05-12,13247.0,13247.0
2016-05-13,13255.0,13255.0
2016-05-16,13332.0,13332.0
2016-05-17,13320.0,13320.0
2016-05-18,13318.0,13318.0
2016-05-19,13435.0,13435.0
2016-05-20,13595.0,13595.0
2016-05-23,13605.0,13605.0
2016-05-24,13540.0,13540.0
2016-05-25,13570.0,13570.0
2016-05-26,13608.0,13608.0
2016-05-27,13549.0,13549.0
2016-05-30,13560.0,13560.0
2016-05-31,13631.0,13631.0
2016-06-01,13643.0,13643.0
2016-06-02,13610.0,13610.0
2016-06-03,13610.0,13610.0
2016-06-06,13418.0,13418.0
2016-06-07,13347.0,13347.0
2016-06-08,13227.0,13227.0
2016-06-09,13205.0,13205.0
2016-06-10,13250.0,13250.0
2016-06-13,13326.0,13326.0
2016-06-14,13321.0,13321.0
2016-06-15,13350.0,13350.0
2016-06-16,13320.0,13320.0
2016-06-17,13386.0,13386.0
2016-06-20,13332.0,13332.0
2016-06-21,13250.0,13250.0
2016-06-22,13255.0,13255.0
2016-06-23,13195.0,13195.0
2016-06-24,13250.0,13250.0
2016-06-27,13375.0,13375.0
2016-06-28,13385.0,13385.0
2016-06-29,13160.0,13160.0
2016-06-30,13139.0,13139.0
2016-07-01,13177.0,13177.0
2016-07-04,13115.0,13115.0
2016-07-05,13060.0,13060.0
2016-07-06,13160.0,13160.0
2016-07-07,13212.0,13212.0
2016-07-08,13100.0,13100.0
2016-07-11,13105.0,13105.0
2016-07-12,13120.0,13120.0
2016-07-13,13075.0,13075.0
2016-07-14,13015.0,13015.0
2016-07-15,13020.0,13020.0
2016-07-18,13062.0,13062.0
2016-07-19,13078.0,13078.0
2016-07-20,13093.0,13093.0
2016-07-21,13105.0,13105.0
2016-07-22,13111.0,13111.0
2016-07-25,13113.0,13113.0
2016-07-26,13095.0,13095.0
2016-07-27,13162.0,13162.0
2016-07-28,13098.0,13098.0
2016-07-29,13058.0,13058.0
2016-08-01,13020.0,13020.0
2016-08-02,13010.0,13010.0
2016-08-03,13092.0,13092.0
2016-08-04,13140.0,13140.0
2016-08-05,13103.0,13103.0
2016-08-08,13122.0,13122.0
2016-08-09,13105.0,13105.0
2016-08-10,13101.0,13101.0
2016-08-11,13083.0,13083.0
2016-08-12,13098.0,13098.0
2016-08-15,13106.0,13106.0
2016-08-16,13062.0,13062.0
2016-08-17,13111.0,13111.0
2016-08-18,13115.0,13115.0
2016-08-19,13109.0,13109.0
2016-08-22,13179.0,13179.0
2016-08-23,13209.0,13209.0
2016-08-24,13234.0,13234.0
2016-08-25,13258.0,13258.0
2016-08-26,13246.0,13246.0
2016-08-29,13310.0,13310.0
2016-08-30,13248.0,13248.0
2016-08-31,13283.0,13283.0
2016-09-01,13280.0,13280.0
2016-09-02,13273.0,13273.0
2016-09-05,13195.0,13195.0
2016-09-06,13125.0,13125.0
2016-09-07,13058.0,13058.0
2016-09-08,13070.0,13070.0
2016-09-09,13071.0,13071.0
2016-09-12,13176.0,13176.0
2016-09-13,13172.0,13172.0
2016-09-14,13241.0,13241.0
2016-09-15,13191.0,13191.0
2016-09-16,13144.0,13144.0
2016-09-19,13163.0,13163.0
2016-09-20,13139.0,13139.0
2016-09-21,13158.0,13158.0
2016-09-22,13058.0,13058.0
2016-09-23,13062.0,13062.0
2016-09-26,13053.0,13053.0
2016-09-27,13039.0,13039.0
2016-09-28,12917.0,12917.0
2016-09-29,12921.0,12921.0
2016-09-30,13003.0,13003.0
2016-10-03,12966.0,12966.0
2016-10-04,12962.0,12962.0
2016-10-05,13031.0,13031.0
2016-10-06,13014.0,13014.0
2016-10-07,13005.0,13005.0
2016-10-10,12967.0,12967.0
2016-10-11,12926.0,12926.0
2016-10-12,13068.0,13068.0
2016-10-13,13019.0,13019.0
2016-10-14,13044.0,13044.0
2016-10-17,13092.0,13092.0
2016-10-18,13051.0,13051.0
2016-10-19,13020.0,13020.0
2016-10-20,12972.0,12972.0
2016-10-21,13005.0,13005.0
2016-10-24,13050.0,13050.0
2016-10-25,13012.0,13012.0
2016-10-26,12976.0,12976.0
2016-10-27,13024.0,13024.0
2016-10-28,13053.0,13053.0
2016-10-31,13063.0,13063.0
2016-11-01,13013.0,13013.0
2016-11-02,13038.0,13038.0
2016-11-03,13046.0,13046.0
2016-11-04,13068.0,13068.0
2016-11-07,13115.0,13115.0
2016-11-08,13087.0,13087.0
2016-11-09,13041.0,13041.0
2016-11-10,13137.0,13137.0
2016-11-11,13588.0,13588.0
2016-11-14,13342.0,13342.0
2016-11-15,13459.0,13459.0
2016-11-16,13313.0,13313.0
2016-11-17,13368.0,13368.0
2016-11-18,13411.0,13411.0
2016-11-21,13479.0,13479.0
2016-11-22,13412.0,13412.0
2016-11-23,13432.0,13432.0
2016-11-24,13607.0,13607.0
2016-11-25,13558.0,13558.0
2016-11-28,13480.0,13480.0
2016-11-29,13479.0,13479.0
2016-11-30,13502.0,13502.0
2016-12-01,13572.0,13572.0
2016-12-02,13518.0,13518.0
2016-12-05,13640.0,13640.0
2016-12-06,13436.0,13436.0
2016-12-07,13296.0,13296.0
2016-12-08,13277.0,13277.0
2016-12-09,13306.0,13306.0
2016-12-12,13357.0,13357.0
2016-12-13,13278.0,13278.0
2016-12-14,13280.0,13280.0
2016-12-15,13418.0,13418.0
2016-12-16,13411.0,13411.0
2016-12-19,13383.0,13383.0
2016-12-20,13370.0,13370.0
2016-12-21,13421.0,13421.0
2016-12-22,13439.0,13439.0
2016-12-23,13449.0,13449.0
2016-12-26,13442.0,13442.0
2016-12-27,13442.0,13442.0
2016-12-28,13429.0,13429.0
2016-12-29,13490.0,13490.0
2016-12-30,13466.0,13466.0
2017-01-02,13512.0,13512.0
2017-01-03,13506.0,13506.0
2017-01-04,13443.0,13443.0
2017-01-05,13348.0,13348.0
2017-01-06,13319.0,13319.0
2017-01-09,13351.0,13351.0
2017-01-10,13314.0,13314.0
2017-01-11,13291.0,13291.0
2017-01-12,13241.0,13241.0
2017-01-13,13258.0,13258.0
2017-01-16,13313.0,13313.0
2017-01-17,13349.0,13349.0
2017-01-18,13296.0,13296.0
2017-01-19,13370.0,13370.0
2017-01-20,13378.0,13378.0
2017-01-23,13406.0,13406.0
2017-01-24,13345.0,13345.0
2017-01-25,13342.0,13342.0
2017-01-26,13316.0,13316.0
2017-01-27,13387.0,13387.0
2017-01-30,13326.0,13326.0
2017-01-31,13338.0,13338.0
2017-02-01,13345.0,13345.0
2017-02-02,13360.0,13360.0
2017-02-03,13346.0,13346.0
2017-02-06,13338.0,13338.0
2017-02-07,13326.0,13326.0
2017-02-08,13310.0,13310.0
2017-02-09,13302.0,13302.0
2017-02-10,13288.0,13288.0
2017-02-13,13335.0,13335.0
2017-02-14,13323.0,13323.0
2017-02-15,13321.0,13321.0
2017-02-16,13316.0,13316.0
2017-02-17,13321.0,13321.0
2017-02-20,13350.0,13350.0
2017-02-21,13347.0,13347.0
2017-02-22,13358.0,13358.0
2017-02-23,13338.0,13338.0
2017-02-24,13325.0,13325.0
2017-02-27,13324.0,13324.0
2017-02-28,13339.0,13339.0
2017-03-01,13391.0,13391.0
2017-03-02,13392.0,13392.0
2017-03-03,13373.0,13373.0
2017-03-06,13278.0,13278.0
2017-03-07,13342.0,13342.0
2017-03-08,13336.0,13336.0
2017-03-09,13368.0,13368.0
2017-03-10,13403.0,13403.0
2017-03-13,13346.0,13346.0
2017-03-14,13372.0,13372.0
2017-03-15,13390.0,13390.0
2017-03-16,13217.0,13217.0
2017-03-17,13283.0,13283.0
2017-03-20,13330.0,13330.0
2017-03-21,13332.0,13332.0
2017-03-22,13308.0,13308.0
2017-03-23,13327.0,13327.0
2017-03-24,13318.0,13318.0
2017-03-27,13320.0,13320.0
2017-03-28,13308.0,13308.0
2017-03-29,13309.0,13309.0
2017-03-30,13303.0,13303.0
2017-03-31,13299.0,13299.0
2017-04-03,13335.0,13335.0
2017-04-04,13316.0,13316.0
2017-04-05,13332.0,13332.0
2017-04-06,13323.0,13323.0
2017-04-07,13353.0,13353.0
2017-04-10,13373.0,13373.0
2017-04-11,13271.0,13271.0
2017-04-12,13291.0,13291.0
2017-04-13,13277.0,13277.0
2017-04-14,13276.0,13276.0
2017-04-17,13287.0,13287.0
2017-04-18,13279.0,13279.0
2017-04-19,13296.0,13296.0
2017-04-20,13343.0,13343.0
2017-04-21,13317.0,13317.0
2017-04-24,13105.0,13105.0
2017-04-25,13124.0,13124.0
2017-04-26,13303.0,13303.0
2017-04-27,13261.0,13261.0
2017-04-28,13351.0,13351.0
2017-05-01,13322.0,13322.0
2017-05-02,13325.0,13325.0
2017-05-03,13295.0,13295.0
2017-05-04,13304.0,13304.0
2017-05-05,13340.0,13340.0
2017-05-08,13315.0,13315.0
2017-05-09,13324.0,13324.0
2017-05-10,13359.0,13359.0
2017-05-11,13353.0,13353.0
2017-05-12,13312.0,13312.0
2017-05-15,13323.0,13323.0
2017-05-16,13285.0,13285.0
2017-05-17,13274.0,13274.0
2017-05-18,13318.0,13318.0
2017-05-19,13399.0,13399.0
2017-05-22,13328.0,13328.0
2017-05-23,13296.0,13296.0
2017-05-24,13296.0,13296.0
2017-05-25,13302.0,13302.0
2017-05-26,13302.0,13302.0
2017-05-29,13288.0,13288.0
2017-05-30,13315.0,13315.0
2017-05-31,13319.0,13319.0
2017-06-01,13294.0,13294.0
2017-06-02,13288.0,13288.0
2017-06-05,13304.0,13304.0
2017-06-06,13283.0,13283.0
2017-06-07,13259.0,13259.0
2017-06-08,13313.0,13313.0
2017-06-09,13293.0,13293.0
2017-06-12,13295.0,13295.0
2017-06-13,13314.0,13314.0
2017-06-14,13282.0,13282.0
2017-06-15,13286.0,13286.0
2017-06-16,13294.0,13294.0
2017-06-19,13277.0,13277.0
2017-06-20,13286.0,13286.0
2017-06-21,13291.0,13291.0
2017-06-22,13301.0,13301.0
2017-06-23,13341.0,13341.0
2017-06-26,13284.0,13284.0
2017-06-27,13318.0,13318.0
2017-06-28,13308.0,13308.0
2017-06-29,13296.0,13296.0
2017-06-30,13278.0,13278.0
2017-07-03,13298.0,13298.0
2017-07-04,13364.0,13364.0
2017-07-05,13351.0,13351.0
2017-07-06,13363.0,13363.0
2017-07-07,13383.0,13383.0
2017-07-10,13408.0,13408.0
2017-07-12,13349.0,13349.0
2017-07-13,13363.0,13363.0
2017-07-14,13341.0,13341.0
2017-07-17,13332.0,13332.0
2017-07-18,13321.0,13321.0
2017-07-19,13302.0,13302.0
2017-07-20,13309.0,13309.0
2017-07-21,13303.0,13303.0
2017-07-24,13265.0,13265.0
2017-07-25,13316.0,13316.0
2017-07-26,13328.0,13328.0
2017-07-27,13329.0,13329.0
2017-07-28,13311.0,13311.0
2017-07-31,13320.0,13320.0
2017-08-01,13318.0,13318.0
2017-08-02,13317.0,13317.0
2017-08-03,13317.0,13317.0
2017-08-04,13319.0,13319.0
2017-08-07,13309.0,13309.0
2017-08-08,13315.0,13315.0
2017-08-09,13306.0,13306.0
2017-08-10,13326.0,13326.0
2017-08-11,13327.0,13327.0
2017-08-14,13351.0,13351.0
2017-08-15,13342.0,13342.0
2017-08-16,13354.0,13354.0
2017-08-17,13350.0,13350.0
2017-08-18,13372.0,13372.0
2017-08-21,13355.0,13355.0
2017-08-22,13344.0,13344.0
2017-08-23,13325.0,13325.0
2017-08-24,13351.0,13351.0
2017-08-25,13333.0,13333.0
2017-08-28,13339.0,13339.0
2017-08-29,13303.0,13303.0
2017-08-30,13333.0,13333.0
2017-08-31,13334.0,13334.0
2017-09-01,13321.0,13321.0
2017-09-04,13331.0,13331.0
2017-09-05,13353.0,13353.0
2017-09-06,13333.0,13333.0
2017-09-07,13339.0,13339.0
2017-09-08,13289.0,13289.0
2017-09-11,13197.0,13197.0
2017-09-12,13176.0,13176.0
2017-09-13,13208.0,13208.0
2017-09-14,13242.0,13242.0
2017-09-15,13262.0,13262.0
2017-09-18,13252.0,13252.0
2017-09-19,13268.0,13268.0
2017-09-20,13256.0,13256.0
2017-09-21,13273.0,13273.0
2017-09-22,13273.0,13273.0
2017-09-25,13306.0,13306.0
2017-09-26,13319.0,13319.0
2017-09-27,13375.0,13375.0
2017-09-28,13433.0,13433.0
2017-09-29,13508.0,13508.0
2017-10-02,13465.0,13465.0
2017-10-03,13531.0,13531.0
2017-10-04,13536.0,13536.0
2017-10-05,13470.0,13470.0
2017-10-06,13451.0,13451.0
2017-10-09,13497.0,13497.0
2017-10-10,13510.0,13510.0
2017-10-11,13510.0,13510.0
2017-10-12,13510.0,13510.0
2017-10-13,13498.0,13498.0
2017-10-16,13492.0,13492.0
2017-10-17,13476.0,13476.0
2017-10-18,13495.0,13495.0
2017-10-19,13510.0,13510.0
2017-10-20,13490.0,13490.0
2017-10-23,13516.0,13516.0
2017-10-24,13535.0,13535.0
2017-10-25,13525.0,13525.0
2017-10-26,13572.0,13572.0
2017-10-27,13643.0,13643.0
2017-10-30,13588.0,13588.0
2017-10-31,13574.0,13574.0
2017-11-01,13554.0,13554.0
2017-11-02,13553.0,13553.0
2017-11-03,13543.0,13543.0
2017-11-06,13480.0,13480.0
2017-11-07,13483.0,13483.0
2017-11-08,13514.0,13514.0
2017-11-09,13503.0,13503.0
2017-11-10,13527.0,13527.0
2017-11-13,13512.0,13512.0
2017-11-14,13553.0,13553.0
2017-11-15,13545.0,13545.0
2017-11-17,13514.0,13514.0
2017-11-20,13508.0,13508.0
2017-11-21,13525.0,13525.0
2017-11-22,13519.0,13519.0
2017-11-23,13491.0,13491.0
2017-11-24,13489.0,13489.0
2017-11-27,13498.0,13498.0
2017-11-28,13511.0,13511.0
2017-11-29,13500.0,13500.0
2017-11-30,13504.0,13504.0
2017-12-01,13541.0,13541.0
2017-12-04,13560.0,13560.0
2017-12-05,13494.0,13494.0
2017-12-06,13513.0,13513.0
2017-12-07,13534.0,13534.0
2017-12-08,13553.0,13553.0
2017-12-11,13507.0,13507.0
2017-12-12,13552.0,13552.0
2017-12-13,13551.0,13551.0
2017-12-14,13540.0,13540.0
2017-12-15,13554.0,13554.0
2017-12-18,13568.0,13568.0
2017-12-19,13580.0,13580.0
2017-12-20,13575.0,13575.0
2017-12-21,13573.0,13573.0
2017-12-22,13562.0,13562.0
2017-12-25,13551.0,13551.0
2017-12-26,13532.0,13532.0
2017-12-27,13552.0,13552.0
2017-12-28,13558.0,13558.0
2017-12-29,13558.0,13558.0
2018-01-01,13542.0,13542.0
2018-01-02,13550.0,13550.0
2018-01-03,13496.0,13496.0
2018-01-04,13468.0,13468.0
2018-01-05,13415.0,13415.0
2018-01-08,13427.0,13427.0
2018-01-09,13427.0,13427.0
2018-01-10,13430.0,13430.0
2018-01-11,13441.0,13441.0
2018-01-12,13393.0,13393.0
2018-01-15,13295.0,13295.0
2018-01-16,13305.0,13305.0
2018-01-17,13306.0,13306.0
2018-01-18,13336.0,13336.0
2018-01-19,13334.0,13334.0
2018-01-22,13325.0,13325.0
2018-01-23,13342.0,13342.0
2018-01-24,13336.0,13336.0
2018-01-25,13298.0,13298.0
2018-01-26,13299.0,13299.0
2018-01-29,13296.0,13296.0
2018-01-30,13367.0,13367.0
2018-01-31,13421.0,13421.0
2018-02-01,13383.0,13383.0
2018-02-02,13386.0,13386.0
2018-02-05,13411.0,13411.0
2018-02-06,13564.0,13564.0
2018-02-07,13544.0,13544.0
2018-02-08,13641.0,13641.0
2018-02-09,13598.0,13598.0
2018-02-12,13610.0,13610.0
2018-02-13,13643.0,13643.0
2018-02-14,13640.0,13640.0
2018-02-15,13622.0,13622.0
2018-02-16,13552.0,13552.0
2018-02-19,13552.0,13552.0
2018-02-20,13554.0,13554.0
2018-02-21,13608.0,13608.0
2018-02-22,13612.0,13612.0
2018-02-23,13676.0,13676.0
2018-02-26,13652.0,13652.0
2018-02-27,13651.0,13651.0
2018-02-28,13694.0,13694.0
2018-03-01,13756.0,13756.0
2018-03-02,13741.0,13741.0
2018-03-05,13751.0,13751.0
2018-03-06,13737.0,13737.0
2018-03-07,13759.0,13759.0
2018-03-08,13745.0,13745.0
2018-03-09,13786.0,13786.0
2018-03-12,13772.0,13772.0
2018-03-13,13755.0,13755.0
2018-03-14,13740.0,13740.0
2018-03-15,13725.0,13725.0
2018-03-16,13758.0,13758.0
2018-03-19,13748.0,13748.0
2018-03-20,13771.0,13771.0
2018-03-21,13743.0,13743.0
2018-03-22,13705.0,13705.0
2018-03-23,13754.0,13754.0
2018-03-26,13762.0,13762.0
2018-03-27,13718.0,13718.0
2018-03-28,13740.0,13740.0
2018-03-29,13756.0,13756.0
2018-03-30,13757.0,13757.0
2018-04-02,13768.0,13768.0
2018-04-03,13748.0,13748.0
2018-04-04,13741.0,13741.0
2018-04-05,13751.0,13751.0
2018-04-06,13760.0,13760.0
2018-04-09,13763.0,13763.0
2018-04-10,13768.0,13768.0
2018-04-11,13742.099609375,13742.099609375
2018-04-12,13753.5,13753.5
2018-04-13,13767.0,13767.0
2018-04-16,13733.0,13733.0
2018-04-17,13766.0,13766.0
2018-04-18,13757.0,13757.0
2018-04-19,13769.0,13769.0
2018-04-20,13800.0,13800.0
2018-04-23,13899.0,13899.0
2018-04-24,13961.0,13961.0
2018-04-25,13872.0,13872.0
2018-04-26,13919.0,13919.0
2018-04-27,13879.0,13879.0
2018-04-30,13870.0,13870.0
2018-05-01,13901.0,13901.0
2018-05-02,13982.2998046875,13982.2998046875
2018-05-03,14002.2998046875,14002.2998046875
2018-05-04,13931.0,13931.0
2018-05-07,13933.0,13933.0
2018-05-08,14268.5,14268.5
2018-05-09,14264.099609375,14264.099609375
2018-05-10,14073.0,14073.0
2018-05-11,14073.0,14073.0
2018-05-14,13943.0,13943.0
2018-05-15,13963.0,13963.0
2018-05-16,14030.0,14030.0
2018-05-17,14149.2001953125,14149.2001953125
2018-05-18,14153.5,14153.5
2018-05-21,14163.0,14163.0
2018-05-22,14220.0,14220.0
2018-05-23,14200.7998046875,14200.7998046875
2018-05-24,14169.0,14169.0
2018-05-25,14124.0,14124.0
2018-05-28,14078.0,14078.0
2018-05-29,14010.0,14010.0
2018-05-30,14029.0,14029.0
2018-05-31,13977.0,13977.0
2018-06-01,13880.0,13880.0
2018-06-04,13938.0,13938.0
2018-06-05,13860.0,13860.0
2018-06-06,13870.0,13870.0
2018-06-07,13822.0,13822.0
2018-06-08,13863.0,13863.0
2018-06-11,13866.0,13866.0
2018-06-12,13923.0,13923.0
2018-06-13,13923.0,13923.0
2018-06-14,13923.0,13923.0
2018-06-15,14121.400390625,14121.400390625
2018-06-18,13923.0,13923.0
2018-06-19,13923.0,13923.0
2018-06-20,13923.0,13923.0
2018-06-21,13923.0,13923.0
2018-06-22,14088.0,14088.0
2018-06-25,14073.0,14073.0
2018-06-26,14148.0,14148.0
2018-06-27,14188.0,14188.0
2018-06-28,14235.0,14235.0
2018-06-29,14350.0,14350.0
2018-07-02,14317.0,14317.0
2018-07-03,14347.0,14347.0
2018-07-04,14353.0,14353.0
2018-07-05,14400.0,14400.0
2018-07-06,14378.7998046875,14378.7998046875
2018-07-09,14307.0,14307.0
2018-07-10,14311.0,14311.0
2018-07-11,14375.0,14375.0
2018-07-12,14378.0,14378.0
2018-07-13,14385.0,14385.0
2018-07-16,14373.0,14373.0
2018-07-17,14365.5,14365.5
2018-07-18,14377.0,14377.0
2018-07-19,14441.0,14441.0
2018-07-20,14468.0,14468.0
2018-07-23,14473.0,14473.0
2018-07-24,14567.5,14567.5
2018-07-25,14543.2998046875,14543.2998046875
2018-07-26,14465.0,14465.0
2018-07-27,14525.0,14525.0
2018-07-30,14411.0,14411.0
2018-07-31,14403.0,14403.0
2018-08-01,14409.2001953125,14409.2001953125
2018-08-02,14489.0,14489.0
2018-08-03,14521.0,14521.0
2018-08-06,14486.0,14486.0
2018-08-07,14543.2998046875,14543.2998046875
2018-08-08,14422.0,14422.0
2018-08-09,14398.0,14398.0
2018-08-10,14472.0,14472.0
2018-08-13,14473.0,14473.0
2018-08-14,14594.0,14594.0
2018-08-15,14642.0,14642.0
2018-08-16,14555.7998046875,14555.7998046875
2018-08-17,14598.599609375,14598.599609375
2018-08-20,14572.0,14572.0
2018-08-21,14562.0,14562.0
2018-08-22,14570.0,14570.0
2018-08-23,14572.0,14572.0
2018-08-24,14664.0,14664.0
2018-08-27,14559.0,14559.0
2018-08-28,14551.0,14551.0
2018-08-29,14653.0,14653.0
2018-08-30,14618.0,14618.0
2018-08-31,14751.0,14751.0
2018-09-03,14723.0,14723.0
2018-09-04,14832.0,14832.0
2018-09-05,14930.0,14930.0
2018-09-06,14979.900390625,14979.900390625
2018-09-07,14893.0,14893.0
2018-09-10,14813.0,14813.0
2018-09-11,14844.5,14844.5
2018-09-12,14837.0,14837.0
2018-09-13,14807.0,14807.0
2018-09-14,14740.0,14740.0
2018-09-17,14807.0,14807.0
2018-09-18,14907.099609375,14907.099609375
2018-09-19,14867.0,14867.0
2018-09-20,14880.0,14880.0
2018-09-21,14832.0,14832.0
2018-09-24,14812.0,14812.0
2018-09-25,14861.0,14861.0
2018-09-26,15021.5,15021.5
2018-09-27,14985.0,14985.0
2018-09-28,14918.7998046875,14918.7998046875
2018-10-01,14902.0,14902.0
2018-10-02,15053.2998046875,15053.2998046875
2018-10-03,15038.0,15038.0
2018-10-04,15139.2001953125,15139.2001953125
2018-10-05,15408.900390625,15408.900390625
2018-10-08,15173.0,15173.0
2018-10-09,15400.0,15400.0
2018-10-10,15223.0,15223.0
2018-10-11,15196.0,15196.0
2018-10-12,15299.2001953125,15299.2001953125
2018-10-15,15198.0,15198.0
2018-10-16,15193.7998046875,15193.7998046875
2018-10-17,15193.0,15193.0
2018-10-18,15264.2998046875,15264.2998046875
2018-10-19,15328.5,15328.5
2018-10-22,15181.0,15181.0
2018-10-23,15264.7001953125,15264.7001953125
2018-10-24,15183.0,15183.0
2018-10-25,15269.5,15269.5
2018-10-26,15257.2998046875,15257.2998046875
2018-10-29,15210.0,15210.0
2018-10-30,15297.7998046875,15297.7998046875
2018-10-31,15273.099609375,15273.099609375
2018-11-01,15196.0,15196.0
2018-11-02,15068.7001953125,15068.7001953125
2018-11-05,14946.0,14946.0
2018-11-06,14921.599609375,14921.599609375
2018-11-07,14830.0,14830.0
2018-11-08,14598.900390625,14598.900390625
2018-11-09,14720.0,14720.0
2018-11-12,14678.0,14678.0
2018-11-13,14808.0,14808.0
2018-11-14,14794.2998046875,14794.2998046875
2018-11-15,14813.2998046875,14813.2998046875
2018-11-16,14562.2001953125,14562.2001953125
2018-11-19,14605.0,14605.0
2018-11-20,14652.7001953125,14652.7001953125
2018-11-21,14664.2998046875,14664.2998046875
2018-11-22,14630.0,14630.0
2018-11-23,14600.0,14600.0
2018-11-26,14533.0,14533.0
2018-11-27,14526.900390625,14526.900390625
2018-11-28,14575.5,14575.5
2018-11-29,14459.7998046875,14459.7998046875
2018-11-30,14356.0,14356.0
2018-12-03,14296.0,14296.0
2018-12-04,14339.0,14339.0
2018-12-05,14448.599609375,14448.599609375
2018-12-06,14431.599609375,14431.599609375
2018-12-07,14528.0,14528.0
2018-12-10,14463.0,14463.0
2018-12-11,14548.0,14548.0
2018-12-12,14637.400390625,14637.400390625
2018-12-13,14579.7998046875,14579.7998046875
2018-12-14,14550.0,14550.0
2018-12-17,14578.0,14578.0
2018-12-18,14588.7001953125,14588.7001953125
2018-12-19,14490.0,14490.0
2018-12-20,14493.0,14493.0
2018-12-21,14534.7998046875,14534.7998046875
2018-12-24,14548.0,14548.0
2018-12-25,14548.0,14548.0
2018-12-26,14710.0,14710.0
2018-12-27,14609.400390625,14609.400390625
2018-12-28,14561.599609375,14561.599609375
2018-12-31,14553.0,14553.0
2019-01-01,14460.0,14460.0
2019-01-02,14460.0,14460.0
2019-01-03,14409.7001953125,14409.7001953125
2019-01-04,14375.400390625,14375.400390625
2019-01-07,14267.0,14267.0
2019-01-08,14083.0,14083.0
2019-01-09,14138.0,14138.0
2019-01-10,14130.0,14130.0
2019-01-11,14048.0,14048.0
2019-01-14,14038.0,14038.0
2019-01-15,14117.0,14117.0
2019-01-16,14111.0,14111.0
2019-01-17,14140.0,14140.0
2019-01-18,14173.0,14173.0
2019-01-21,14168.0,14168.0
2019-01-22,14307.0,14307.0
2019-01-23,14208.0,14208.0
2019-01-24,14130.900390625,14130.900390625
2019-01-25,14189.0,14189.0
2019-01-28,14078.0,14078.0
2019-01-29,14063.0,14063.0
2019-01-30,14074.0,14074.0
2019-01-31,14033.0,14033.0
2019-02-01,13966.0,13966.0
2019-02-04,13933.0,13933.0
2019-02-05,13957.5,13957.5
2019-02-06,13950.5,13950.5
2019-02-07,13915.0,13915.0
2019-02-08,13966.0,13966.0
2019-02-11,13958.0,13958.0
2019-02-12,14033.0,14033.0
2019-02-13,14012.7001953125,14012.7001953125
2019-02-14,14151.0,14151.0
2019-02-15,14083.0,14083.0
2019-02-18,14136.0,14136.0
2019-02-19,14192.5,14192.5
2019-02-20,14096.5,14096.5
2019-02-21,14033.0,14033.0
2019-02-22,14120.0,14120.0
2019-02-25,14051.0,14051.0
2019-02-26,14011.0,14011.0
2019-02-27,13960.0,13960.0
2019-02-28,14015.0,14015.0
2019-03-01,14194.0,14194.0
2019-03-04,14108.0,14108.0
2019-03-05,14205.0,14205.0
2019-03-06,14150.5,14150.5
2019-03-07,14214.5,14214.5
2019-03-08,14240.7998046875,14240.7998046875
2019-03-11,14303.0,14303.0
2019-03-12,14283.0,14283.0
2019-03-13,14258.0,14258.0
2019-03-14,14258.0,14258.0
2019-03-15,14287.0,14287.0
2019-03-18,14251.0,14251.0
2019-03-19,14251.0,14251.0
2019-03-20,14223.0,14223.0
2019-03-21,14055.0,14055.0
2019-03-22,14133.0,14133.0
2019-03-25,14158.0,14158.0
2019-03-26,14173.0,14173.0
2019-03-27,14163.0,14163.0
2019-03-28,14346.0,14346.0
2019-03-29,14235.0,14235.0
2019-04-01,14233.0,14233.0
2019-04-02,14240.0,14240.0
2019-04-03,14213.0,14213.0
2019-04-04,14210.0,14210.0
2019-04-05,14151.0,14151.0
2019-04-08,14112.0,14112.0
2019-04-09,14191.0,14191.0
2019-04-10,14136.0,14136.0
2019-04-11,14177.0,14177.0
2019-04-12,14138.0,14138.0
2019-04-15,14086.0,14086.0
2019-04-16,14155.5,14155.5
2019-04-17,14079.0,14079.0
2019-04-18,14078.0,14078.0
2019-04-19,14036.0,14036.0
2019-04-22,14036.0,14036.0
2019-04-23,14061.5,14061.5
2019-04-24,14061.0,14061.0
2019-04-25,14154.0,14154.0
2019-04-26,14306.5,14306.5
2019-04-29,14165.0,14165.0
2019-04-30,14191.0,14191.0
2019-05-01,14243.0,14243.0
2019-05-02,14244.2998046875,14244.2998046875
2019-05-03,14244.0,14244.0
2019-05-06,14230.0,14230.0
2019-05-07,14286.0,14286.0
2019-05-08,14346.2998046875,14346.2998046875
2019-05-09,14288.0,14288.0
2019-05-10,14343.0,14343.0
2019-05-13,14318.0,14318.0
2019-05-14,14497.400390625,14497.400390625
2019-05-15,14423.0,14423.0
2019-05-16,14540.0,14540.0
2019-05-17,14569.5,14569.5
2019-05-20,14443.0,14443.0
2019-05-21,14448.0,14448.0
2019-05-23,14518.0,14518.0
2019-05-24,14453.0,14453.0
2019-05-27,14386.0,14386.0
2019-05-28,14445.0,14445.0
2019-05-29,14468.0,14468.0
2019-05-30,14393.0,14393.0
2019-05-31,14401.0,14401.0
2019-06-03,14268.0,14268.0
2019-06-04,14237.0,14237.0
2019-06-05,14260.0,14260.0
2019-06-06,14280.0,14280.0
2019-06-07,14256.0,14256.0
2019-06-10,14268.0,14268.0
2019-06-11,14276.0,14276.0
2019-06-12,14294.5,14294.5
2019-06-13,14262.0,14262.0
2019-06-14,14273.0,14273.0
2019-06-17,14318.0,14318.0
2019-06-18,14413.5,14413.5
2019-06-19,14289.5,14289.5
2019-06-20,14280.0,14280.0
2019-06-21,14142.0,14142.0
2019-06-24,14148.0,14148.0
2019-06-25,14183.0,14183.0
2019-06-26,14118.0,14118.0
2019-06-27,14215.5,14215.5
2019-06-28,14184.5,14184.5
2019-07-01,14121.0,14121.0
2019-07-02,14150.0,14150.0
2019-07-03,14196.0,14196.0
2019-07-04,14178.5,14178.5
2019-07-05,14150.0,14150.0
2019-07-08,14076.0,14076.0
2019-07-09,14187.0,14187.0
2019-07-10,14236.0,14236.0
2019-07-11,14161.5,14161.5
2019-07-12,14124.0,14124.0
2019-07-15,14000.0,14000.0
2019-07-16,13913.0,13913.0
2019-07-17,14008.5,14008.5
2019-07-18,14023.0,14023.0
2019-07-19,13970.0,13970.0
2019-07-22,13941.0,13941.0
2019-07-23,13997.0,13997.0
2019-07-24,14039.0,14039.0
2019-07-25,14027.5,14027.5
2019-07-26,14052.7001953125,14052.7001953125
2019-07-29,13997.0,13997.0
2019-07-30,14066.0,14066.0
2019-07-31,14066.400390625,14066.400390625
2019-08-01,14165.0,14165.0
2019-08-02,14329.0,14329.0
2019-08-05,14173.0,14173.0
2019-08-06,14248.0,14248.0
2019-08-07,14258.0,14258.0
2019-08-08,14274.5,14274.5
2019-08-09,14236.5,14236.5
2019-08-12,14183.0,14183.0
2019-08-13,14241.0,14241.0
2019-08-14,14232.7998046875,14232.7998046875
2019-08-15,14238.0,14238.0
2019-08-16,14333.0,14333.0
2019-08-19,14228.0,14228.0
2019-08-20,14337.2998046875,14337.2998046875
2019-08-21,14326.099609375,14326.099609375
2019-08-22,14275.0,14275.0
2019-08-23,14228.0,14228.0
2019-08-26,14206.0,14206.0
2019-08-27,14253.7998046875,14253.7998046875
2019-08-28,14343.7998046875,14343.7998046875
2019-08-29,14311.2998046875,14311.2998046875
2019-08-30,14231.0,14231.0
2019-09-02,14178.0,14178.0
2019-09-03,14265.0,14265.0
2019-09-04,14260.7001953125,14260.7001953125
2019-09-05,14146.0,14146.0
2019-09-06,14172.2998046875,14172.2998046875
2019-09-09,14088.0,14088.0
2019-09-10,14024.0,14024.0
2019-09-11,14095.7998046875,14095.7998046875
2019-09-12,14106.400390625,14106.400390625
2019-09-13,13983.0,13983.0
2019-09-16,13958.0,13958.0
2019-09-17,14170.2998046875,14170.2998046875
2019-09-18,14126.7998046875,14126.7998046875
2019-09-19,14126.0,14126.0
2019-09-20,14158.0,14158.0
2019-09-23,14048.0,14048.0
2019-09-24,14078.0,14078.0
2019-09-25,14177.2998046875,14177.2998046875
2019-09-26,14211.2998046875,14211.2998046875
2019-09-27,14236.7998046875,14236.7998046875
2019-09-30,14158.0,14158.0
2019-10-01,14219.400390625,14219.400390625
2019-10-02,14206.0,14206.0
2019-10-03,14188.0,14188.0
2019-10-04,14166.0,14166.0
2019-10-07,14128.0,14128.0
2019-10-08,14239.5,14239.5
2019-10-09,14210.0,14210.0
2019-10-10,14217.5,14217.5
2019-10-11,14145.0,14145.0
2019-10-14,14121.0,14121.0
2019-10-15,14168.5,14168.5
2019-10-16,14216.0,14216.0
2019-10-17,14224.0,14224.0
2019-10-18,14184.5,14184.5
2019-10-21,14138.0,14138.0
2019-10-22,14102.5,14102.5
2019-10-23,14042.5,14042.5
2019-10-24,13987.0,13987.0
2019-10-25,14089.5,14089.5
2019-10-28,14028.0,14028.0
2019-10-29,14018.0,14018.0
2019-10-30,14018.0,14018.0
2019-10-31,14060.0,14060.0
2019-11-01,14123.5,14123.5
2019-11-04,14014.0,14014.0
2019-11-05,14058.0,14058.0
2019-11-06,14028.5,14028.5
2019-11-07,14008.0,14008.0
2019-11-08,14013.0,14013.0
2019-11-11,14014.0390625,14014.0390625
2019-11-12,13997.2001953125,13997.2001953125
2019-11-13,13852.7470703125,13852.7470703125
2019-11-14,13871.640625,13871.640625
2019-11-15,14078.0,14078.0
2019-11-18,13840.302734375,13840.302734375
2019-11-19,14139.0,14139.0
2019-11-20,14083.0,14083.0
2019-11-21,14035.2783203125,14035.2783203125
2019-11-22,14070.0,14070.0
2019-11-25,14083.01171875,14083.01171875
2019-11-26,14063.748046875,14063.748046875
2019-11-27,14078.0,14078.0
2019-11-28,14087.1298828125,14087.1298828125
2019-11-29,13868.66015625,13868.66015625
2019-12-02,13868.345703125,13868.345703125
2019-12-03,14123.2763671875,14123.2763671875
2019-12-04,14098.0,14098.0
2019-12-05,13994.884765625,13994.884765625
2019-12-06,14058.0,14058.0
2019-12-09,14022.3798828125,14022.3798828125
2019-12-10,14004.6005859375,14004.6005859375
2019-12-11,14021.0,14021.0
2019-12-12,13976.61328125,13976.61328125
2019-12-13,13933.3564453125,13933.3564453125
2019-12-16,13968.525390625,13968.525390625
2019-12-17,14022.5,14022.5
2019-12-18,14024.0,14024.0
2019-12-19,13966.919921875,13966.919921875
2019-12-20,13978.15625,13978.15625
2019-12-23,13957.5810546875,13957.5810546875
2019-12-24,13955.626953125,13955.626953125
2019-12-25,13961.0,13961.0
2019-12-26,13991.0,13991.0
2019-12-27,13977.5,13977.5
2019-12-30,13953.841796875,13953.841796875
2019-12-31,13919.0,13919.0
2020-01-01,13690.3720703125,13690.3720703125
2020-01-02,13689.2314453125,13689.2314453125
2020-01-03,13884.7861328125,13884.7861328125
2020-01-06,13934.31640625,13934.31640625
2020-01-07,13926.5,13926.5
2020-01-08,13867.236328125,13867.236328125
2020-01-09,13886.939453125,13886.939453125
2020-01-10,13827.560546875,13827.560546875
2020-01-13,13522.4345703125,13522.4345703125
2020-01-14,13665.3046875,13665.3046875
2020-01-15,13668.0400390625,13668.0400390625
2020-01-16,13665.0966796875,13665.0966796875
2020-01-17,13623.0,13623.0
2020-01-20,13456.98828125,13456.98828125
2020-01-21,13615.0,13615.0
2020-01-22,13651.0,13651.0
2020-01-23,13626.38671875,13626.38671875
2020-01-24,13609.1884765625,13609.1884765625
2020-01-27,13711.9736328125,13711.9736328125
2020-01-28,13213.240234375,13213.240234375
2020-01-29,13634.0,13634.0
2020-01-30,13614.0146484375,13614.0146484375
2020-01-31,13643.1806640625,13643.1806640625
2020-02-03,13633.126953125,13633.126953125
2020-02-04,13735.5,13735.5
2020-02-05,13702.4072265625,13702.4072265625
2020-02-06,13668.267578125,13668.267578125
2020-02-07,13698.0,13698.0
2020-02-10,13675.853515625,13675.853515625
2020-02-11,13691.58984375,13691.58984375
2020-02-12,13657.5537109375,13657.5537109375
2020-02-13,13500.7373046875,13500.7373046875
2020-02-14,13695.400390625,13695.400390625
2020-02-17,13681.2900390625,13681.2900390625
2020-02-18,13649.2412109375,13649.2412109375
2020-02-19,13768.0,13768.0
2020-02-20,13762.0,13762.0
2020-02-21,13703.482421875,13703.482421875
2020-02-24,13771.486328125,13771.486328125
2020-02-25,13879.9296875,13879.9296875
2020-02-26,14056.5,14056.5
2020-02-27,13931.0,13931.0
2020-02-28,14316.0,14316.0
2020-03-02,13971.9619140625,13971.9619140625
2020-03-03,14220.0,14220.0
2020-03-04,14199.5,14199.5
2020-03-05,14256.0,14256.0
2020-03-06,14309.599609375,14309.599609375
2020-03-09,14251.5390625,14251.5390625
2020-03-10,14094.818359375,14094.818359375
2020-03-11,14272.900390625,14272.900390625
2020-03-12,14526.0,14526.0
2020-03-13,14850.0,14850.0
2020-03-16,14635.0224609375,14635.0224609375
2020-03-17,15192.0,15192.0
2020-03-18,14955.7880859375,14955.7880859375
2020-03-19,15474.5,15474.5
2020-03-20,15908.0,15908.0
2020-03-23,15766.2470703125,15766.2470703125
2020-03-24,16504.80078125,16504.80078125
2020-03-25,16216.5,16216.5
2020-03-26,16447.720703125,16447.720703125
2020-03-27,16218.63671875,16218.63671875
2020-03-30,16005.3349609375,16005.3349609375
2020-03-31,16346.9619140625,16346.9619140625
2020-04-01,16277.943359375,16277.943359375
2020-04-02,16412.80859375,16412.80859375
2020-04-03,16441.263671875,16441.263671875
2020-04-06,16418.0,16418.0
2020-04-07,16364.6484375,16364.6484375
2020-04-08,16225.0,16225.0
2020-04-09,16159.376953125,16159.376953125
2020-04-10,15811.9677734375,15811.9677734375
2020-04-13,15800.0,15800.0
2020-04-14,15751.0,15751.0
2020-04-15,15578.3466796875,15578.3466796875
2020-04-16,15887.5,15887.5
2020-04-17,15568.3388671875,15568.3388671875
2020-04-20,15423.0,15423.0
2020-04-21,15377.080078125,15377.080078125
2020-04-22,15394.6787109375,15394.6787109375
2020-04-23,15408.6220703125,15408.6220703125
2020-04-24,15665.0,15665.0
2020-04-27,15348.744140625,15348.744140625
2020-04-28,15312.3857421875,15312.3857421875
2020-04-29,15364.5947265625,15364.5947265625
2020-04-30,15234.63671875,15234.63671875
2020-05-01,15249.0,15249.0
2020-05-04,14671.0,14671.0
2020-05-05,15044.0,15044.0
2020-05-06,15335.0,15335.0
2020-05-07,14998.33203125,14998.33203125
2020-05-08,15227.0,15227.0
2020-05-11,14721.3984375,14721.3984375
2020-05-12,14848.7001953125,14848.7001953125
2020-05-13,14994.0,14994.0
2020-05-14,14846.873046875,14846.873046875
2020-05-15,14810.1201171875,14810.1201171875
2020-05-18,14853.0,14853.0
2020-05-19,14878.0,14878.0
2020-05-20,14748.447265625,14748.447265625
2020-05-21,14771.0,14771.0
2020-05-22,14826.0,14826.0
2020-05-25,14703.0,14703.0
2020-05-26,14501.7578125,14501.7578125
2020-05-27,14850.0,14850.0
2020-05-28,14888.5,14888.5
2020-05-29,14825.0,14825.0
2020-06-01,14603.0,14603.0
2020-06-02,14573.5,14573.5
2020-06-03,14343.8232421875,14343.8232421875
2020-06-04,14130.0,14130.0
2020-06-05,14085.447265625,14085.447265625
2020-06-08,13863.0,13863.0
2020-06-09,14070.7998046875,14070.7998046875
2020-06-10,13852.103515625,13852.103515625
2020-06-11,13947.443359375,13947.443359375
2020-06-12,14475.0,14475.0
2020-06-15,14118.0,14118.0
2020-06-16,13988.119140625,13988.119140625
2020-06-17,14275.0,14275.0
2020-06-18,14102.7353515625,14102.7353515625
2020-06-19,13997.6923828125,13997.6923828125
2020-06-22,14093.0,14093.0
2020-06-23,14080.134765625,14080.134765625
2020-06-24,14113.177734375,14113.177734375
2020-06-25,14289.2998046875,14289.2998046875
2020-06-26,14376.2001953125,14376.2001953125
2020-06-29,14213.0,14213.0
2020-06-30,14470.2001953125,14470.2001953125
2020-07-01,14194.05078125,14194.05078125
2020-07-02,14187.8583984375,14187.8583984375
2020-07-03,14298.779296875,14298.779296875
2020-07-06,14503.0,14503.0
2020-07-07,14206.5087890625,14206.5087890625
2020-07-08,14483.5,14483.5
2020-07-09,14349.5654296875,14349.5654296875
2020-07-10,14545.7001953125,14545.7001953125
2020-07-13,14428.0,14428.0
2020-07-14,14584.0,14584.0
2020-07-15,14715.400390625,14715.400390625
2020-07-16,14561.171875,14561.171875
2020-07-17,14552.2099609375,14552.2099609375
2020-07-20,14688.0,14688.0
2020-07-21,14949.2998046875,14949.2998046875
2020-07-22,14626.8623046875,14626.8623046875
2020-07-23,14630.0,14630.0
2020-07-24,14578.904296875,14578.904296875
2020-07-27,14603.0,14603.0
2020-07-28,14614.5,14614.5
2020-07-29,14633.5,14633.5
2020-07-30,14458.3447265625,14458.3447265625
2020-07-31,14486.6689453125,14486.6689453125
2020-08-03,14593.0,14593.0
2020-08-04,14540.9208984375,14540.9208984375
2020-08-05,14720.0,14720.0
2020-08-06,14307.642578125,14307.642578125
2020-08-07,14568.45703125,14568.45703125
2020-08-10,14618.0,14618.0
2020-08-11,14823.7998046875,14823.7998046875
2020-08-12,14858.5,14858.5
2020-08-13,14670.8095703125,14670.8095703125
2020-08-14,14673.4970703125,14673.4970703125
2020-08-17,14788.0,14788.0
2020-08-18,14969.400390625,14969.400390625
2020-08-19,14598.072265625,14598.072265625
2020-08-20,14694.197265625,14694.197265625
2020-08-21,14543.412109375,14543.412109375
2020-08-24,14764.0,14764.0
2020-08-25,14629.400390625,14629.400390625
2020-08-26,14607.7001953125,14607.7001953125
2020-08-27,14447.3828125,14447.3828125
2020-08-28,14446.00390625,14446.00390625
2020-08-31,14618.0,14618.0
2020-09-01,14599.7001953125,14599.7001953125
2020-09-02,14818.599609375,14818.599609375
2020-09-03,14565.1474609375,14565.1474609375
2020-09-04,14545.9873046875,14545.9873046875
2020-09-07,14741.0,14741.0
2020-09-08,14795.0,14795.0
2020-09-09,14915.2001953125,14915.2001953125
2020-09-10,14874.2001953125,14874.2001953125
2020-09-11,14857.470703125,14857.470703125
2020-09-14,14883.0,14883.0
2020-09-15,14983.5,14983.5
2020-09-16,14869.599609375,14869.599609375
2020-09-17,14812.5869140625,14812.5869140625
2020-09-18,14788.0,14788.0
2020-09-21,14728.0,14728.0
2020-09-22,14839.2001953125,14839.2001953125
2020-09-23,14742.5859375,14742.5859375
2020-09-24,14803.9853515625,14803.9853515625
2020-09-25,14839.578125,14839.578125
2020-09-28,14863.0,14863.0
2020-09-29,14893.599609375,14893.599609375
2020-09-30,14910.0,14910.0
2020-10-01,14879.0,14879.0
2020-10-02,14817.55859375,14817.55859375
2020-10-05,14853.0,14853.0
2020-10-06,14780.1826171875,14780.1826171875
2020-10-07,14773.0,14773.0
2020-10-08,14715.5,14715.5
2020-10-09,14676.99609375,14676.99609375
2020-10-12,14693.0,14693.0
2020-10-13,14484.9921875,14484.9921875
2020-10-14,14793.0,14793.0
2020-10-15,14681.462890625,14681.462890625
2020-10-16,14652.5,14652.5
2020-10-19,14693.0,14693.0
2020-10-20,14708.0,14708.0
2020-10-21,14688.0,14688.0
2020-10-22,14639.775390625,14639.775390625
2020-10-23,14639.8525390625,14639.8525390625
2020-10-26,14642.7822265625,14642.7822265625
2020-10-27,14724.2001953125,14724.2001953125
2020-10-28,14653.2744140625,14653.2744140625
2020-10-29,14777.2001953125,14777.2001953125
2020-10-30,14818.0,14818.0
2020-11-02,14586.169921875,14586.169921875
2020-11-03,14603.9580078125,14603.9580078125
2020-11-04,14540.892578125,14540.892578125
2020-11-05,14360.0,14360.0
2020-11-06,14256.0,14256.0
2020-11-09,14198.671875,14198.671875
2020-11-10,14256.3603515625,14256.3603515625
2020-11-11,14041.544921875,14041.544921875
2020-11-12,13878.9892578125,13878.9892578125
2020-11-13,14133.4912109375,14133.4912109375
2020-11-16,14135.5595703125,14135.5595703125
2020-11-17,14089.2001953125,14089.2001953125
2020-11-18,14026.451171875,14026.451171875
2020-11-19,14110.2001953125,14110.2001953125
2020-11-20,14189.900390625,14189.900390625
2020-11-23,14150.9912109375,14150.9912109375
2020-11-24,14164.60546875,14164.60546875
2020-11-25,14121.7998046875,14121.7998046875
2020-11-26,14127.470703125,14127.470703125
2020-11-27,13897.6689453125,13897.6689453125
2020-11-30,14061.64453125,14061.64453125
2020-12-01,14094.935546875,14094.935546875
2020-12-02,14175.0,14175.0
2020-12-03,14076.419921875,14076.419921875
2020-12-04,14092.798828125,14092.798828125
2020-12-07,14076.490234375,14076.490234375
2020-12-08,14143.0,14143.0
2020-12-09,14083.0107421875,14083.0107421875
2020-12-10,14150.0,14150.0
2020-12-11,14082.5927734375,14082.5927734375
2020-12-14,14069.1572265625,14069.1572265625
2020-12-15,14221.900390625,14221.900390625
2020-12-16,14190.0,14190.0
2020-12-17,14070.537109375,14070.537109375
2020-12-18,14083.8505859375,14083.8505859375
2020-12-21,14068.9375,14068.9375
2020-12-22,14100.7314453125,14100.7314453125
2020-12-23,14324.2001953125,14324.2001953125
2020-12-24,14146.9013671875,14146.9013671875
2020-12-25,14148.6435546875,14148.6435546875
2020-12-28,13911.1435546875,13911.1435546875
2020-12-29,14126.1201171875,14126.1201171875
2020-12-30,14069.9091796875,14069.9091796875
2020-12-31,13832.5595703125,13832.5595703125
2021-01-01,13932.3740234375,13932.3740234375
2021-01-04,14022.5009765625,14022.5009765625
2021-01-05,13931.400390625,13931.400390625
2021-01-06,13930.0,13930.0
2021-01-07,13951.5,13951.5
2021-01-08,13892.9775390625,13892.9775390625
2021-01-11,13861.392578125,13861.392578125
2021-01-12,14088.7353515625,14088.7353515625
2021-01-13,14031.078125,14031.078125
2021-01-14,14166.0,14166.0
2021-01-15,14063.1474609375,14063.1474609375
2021-01-18,13880.779296875,13880.779296875
2021-01-19,14100.7998046875,14100.7998046875
2021-01-20,14122.0,14122.0
2021-01-21,14037.2001953125,14037.2001953125
2021-01-22,13960.76171875,13960.76171875
2021-01-25,14012.8955078125,14012.8955078125
2021-01-26,14148.5,14148.5
2021-01-27,14142.0,14142.0
2021-01-28,14195.0,14195.0
2021-01-29,13854.8642578125,13854.8642578125
2021-02-01,13828.13671875,13828.13671875
2021-02-02,14118.5,14118.5
2021-02-03,13995.53515625,13995.53515625
2021-02-04,13983.9521484375,13983.9521484375
2021-02-05,14010.4736328125,14010.4736328125
2021-02-08,14001.103515625,14001.103515625
2021-02-09,13990.4599609375,13990.4599609375
2021-02-10,13989.1884765625,13989.1884765625
2021-02-11,14027.0,14027.0
2021-02-12,13976.240234375,13976.240234375
2021-02-15,13966.0,13966.0
2021-02-16,13907.0,13907.0
2021-02-17,14039.2001953125,14039.2001953125
2021-02-18,14007.474609375,14007.474609375
2021-02-19,13998.1982421875,13998.1982421875
2021-02-22,13898.4169921875,13898.4169921875
2021-02-23,14107.6962890625,14107.6962890625
2021-02-24,14081.6171875,14081.6171875
2021-02-25,14097.7998046875,14097.7998046875
2021-02-26,13968.185546875,13968.185546875
2021-03-01,14110.5849609375,14110.5849609375
2021-03-02,14245.6201171875,14245.6201171875
2021-03-03,14239.181640625,14239.181640625
2021-03-04,14349.0,14349.0
2021-03-05,14268.8798828125,14268.8798828125
2021-03-08,14287.392578125,14287.392578125
2021-03-09,14344.4755859375,14344.4755859375
2021-03-10,14393.0,14393.0
2021-03-11,14398.0,14398.0
2021-03-12,14283.900390625,14283.900390625
2021-03-15,14385.208984375,14385.208984375
2021-03-16,14464.0,14464.0
2021-03-17,14427.5,14427.5
2021-03-18,14403.0,14403.0
2021-03-19,14431.0,14431.0
2021-03-22,14372.2001953125,14372.2001953125
2021-03-23,14375.7998046875,14375.7998046875
2021-03-24,14505.5,14505.5
2021-03-25,14460.0,14460.0
2021-03-26,14456.400390625,14456.400390625
2021-03-29,14411.0,14411.0
2021-03-30,14511.7001953125,14511.7001953125
2021-03-31,14605.0,14605.0
2021-04-01,14606.0,14606.0
2021-04-02,14553.0,14553.0
2021-04-05,14518.0,14518.0
2021-04-06,14529.2001953125,14529.2001953125
2021-04-07,14460.2998046875,14460.2998046875
2021-04-08,14641.0,14641.0
2021-04-09,14660.7001953125,14660.7001953125
2021-04-12,14558.0,14558.0
2021-04-13,14611.900390625,14611.900390625
2021-04-14,14621.099609375,14621.099609375
2021-04-15,14673.7998046875,14673.7998046875
2021-04-16,14616.0,14616.0
2021-04-19,14558.0,14558.0
2021-04-20,14570.0,14570.0
2021-04-21,14543.2001953125,14543.2001953125
2021-04-22,14564.2001953125,14564.2001953125
2021-04-23,14606.599609375,14606.599609375
2021-04-26,14518.0,14518.0
2021-04-27,14459.599609375,14459.599609375
2021-04-28,14516.400390625,14516.400390625
2021-04-29,14519.0,14519.0
2021-04-30,14439.7001953125,14439.7001953125
2021-05-03,14438.0,14438.0
2021-05-04,14399.099609375,14399.099609375
2021-05-05,14482.5,14482.5
2021-05-06,14399.5,14399.5
2021-05-07,14283.7998046875,14283.7998046875
2021-05-10,14278.0,14278.0
2021-05-11,14189.599609375,14189.599609375
2021-05-12,14220.0,14220.0
2021-05-13,14347.0,14347.0
2021-05-14,14300.2998046875,14300.2998046875
2021-05-17,14191.0,14191.0
2021-05-18,14344.5,14344.5
2021-05-19,14362.2998046875,14362.2998046875
2021-05-20,14389.7001953125,14389.7001953125
2021-05-21,14397.2998046875,14397.2998046875
2021-05-24,14348.0,14348.0
2021-05-25,14365.0,14365.0
2021-05-26,14371.400390625,14371.400390625
2021-05-27,14310.0,14310.0
2021-05-28,14318.0,14318.0
2021-05-31,14278.0,14278.0
2021-06-01,14247.5,14247.5
2021-06-02,14251.5,14251.5
2021-06-03,14290.7001953125,14290.7001953125
2021-06-04,14360.0,14360.0
2021-06-07,14288.0,14288.0
2021-06-08,14246.5,14246.5
2021-06-09,14281.0,14281.0
2021-06-10,14300.0,14300.0
2021-06-11,14248.5,14248.5
2021-06-14,14182.0,14182.0
2021-06-15,14267.5,14267.5
2021-06-16,14280.2998046875,14280.2998046875
2021-06-17,14466.5,14466.5
2021-06-18,14554.7001953125,14554.7001953125
2021-06-21,14368.0,14368.0
2021-06-22,14388.7998046875,14388.7998046875
2021-06-23,14495.0,14495.0
2021-06-24,14413.2998046875,14413.2998046875
2021-06-25,14511.2001953125,14511.2001953125
2021-06-28,14418.0,14418.0
2021-06-29,14525.0,14525.0
2021-06-30,14629.099609375,14629.099609375
2021-07-01,14601.599609375,14601.599609375
2021-07-02,14581.400390625,14581.400390625
2021-07-05,14526.0,14526.0
2021-07-06,14495.0,14495.0
2021-07-07,14568.7001953125,14568.7001953125
2021-07-08,14569.2001953125,14569.2001953125
2021-07-09,14618.7001953125,14618.7001953125
2021-07-12,14521.0,14521.0
2021-07-13,14558.5,14558.5
2021-07-14,14542.099609375,14542.099609375
2021-07-15,14473.0,14473.0
2021-07-16,14563.0,14563.0
2021-07-19,14491.0,14491.0
2021-07-20,14664.5,14664.5
2021-07-21,14620.0,14620.0
2021-07-22,14536.0,14536.0
2021-07-23,14548.7001953125,14548.7001953125
2021-07-26,14486.0,14486.0
2021-07-27,14523.5,14523.5
2021-07-28,14554.0,14554.0
2021-07-29,14462.599609375,14462.599609375
2021-07-30,14450.0,14450.0
2021-08-02,14456.0,14456.0
2021-08-03,14397.400390625,14397.400390625
2021-08-04,14349.5,14349.5
2021-08-05,14338.599609375,14338.599609375
2021-08-06,14385.5,14385.5
2021-08-09,14346.0,14346.0
2021-08-10,14402.099609375,14402.099609375
2021-08-11,14393.099609375,14393.099609375
2021-08-12,14395.0,14395.0
2021-08-13,14341.0,14341.0
2021-08-16,14381.0,14381.0
2021-08-17,14363.0,14363.0
2021-08-18,14425.099609375,14425.099609375
2021-08-19,14454.2001953125,14454.2001953125
2021-08-20,14493.400390625,14493.400390625
2021-08-23,14446.0,14446.0
2021-08-24,14430.0,14430.0
2021-08-25,14448.7001953125,14448.7001953125
2021-08-26,14465.7001953125,14465.7001953125
2021-08-27,14449.2998046875,14449.2998046875
2021-08-30,14411.0,14411.0
2021-08-31,14362.0,14362.0
2021-09-01,14246.5,14246.5
2021-09-02,14269.2001953125,14269.2001953125
2021-09-03,14245.5,14245.5
2021-09-06,14256.0,14256.0
2021-09-07,14231.400390625,14231.400390625
2021-09-08,14279.2001953125,14279.2001953125
2021-09-09,14326.400390625,14326.400390625
2021-09-10,14258.7998046875,14258.7998046875
2021-09-13,14196.0,14196.0
2021-09-14,14291.599609375,14291.599609375
2021-09-15,14249.7001953125,14249.7001953125
2021-09-16,14264.5,14264.5
2021-09-17,14283.900390625,14283.900390625
2021-09-20,14221.0,14221.0
2021-09-21,14320.5,14320.5
2021-09-22,14237.5,14237.5
2021-09-23,14279.2001953125,14279.2001953125
2021-09-24,14286.5,14286.5
2021-09-27,14251.0,14251.0
2021-09-28,14242.5,14242.5
2021-09-29,14318.599609375,14318.599609375
2021-09-30,14385.0,14385.0
2021-10-01,14328.599609375,14328.599609375
2021-10-04,14301.0,14301.0
2021-10-05,14300.5,14300.5
2021-10-06,14246.0,14246.0
2021-10-07,14232.400390625,14232.400390625
2021-10-08,14170.7998046875,14170.7998046875
2021-10-11,14216.0,14216.0
2021-10-12,14194.0,14194.0
2021-10-13,14221.2001953125,14221.2001953125
2021-10-14,14219.7001953125,14219.7001953125
2021-10-15,14078.5,14078.5
2021-10-18,14067.0,14067.0
2021-10-19,14157.2001953125,14157.2001953125
2021-10-20,14116.7998046875,14116.7998046875
2021-10-21,14119.7998046875,14119.7998046875
2021-10-22,14175.0,14175.0
2021-10-25,14116.0,14116.0
2021-10-26,14193.5,14193.5
2021-10-27,14175.7001953125,14175.7001953125
2021-10-28,14217.099609375,14217.099609375
2021-10-29,14229.0,14229.0
2021-11-01,14228.5,14228.5
2021-11-02,14276.599609375,14276.599609375
2021-11-03,14289.900390625,14289.900390625
2021-11-04,14366.0,14366.0
2021-11-05,14414.0,14414.0
2021-11-08,14319.7998046875,14319.7998046875
2021-11-09,14252.0,14252.0
2021-11-10,14290.0,14290.0
2021-11-11,14302.400390625,14302.400390625
2021-11-12,14261.7001953125,14261.7001953125
2021-11-15,14186.7001953125,14186.7001953125
2021-11-16,14185.400390625,14185.400390625
2021-11-17,14274.2001953125,14274.2001953125
2021-11-18,14223.7998046875,14223.7998046875
2021-11-19,14204.7001953125,14204.7001953125
2021-11-22,14265.099609375,14265.099609375
2021-11-23,14259.599609375,14259.599609375
2021-11-24,14272.5,14272.5
2021-11-25,14303.400390625,14303.400390625
2021-11-26,14320.0,14320.0
2021-11-29,14408.2001953125,14408.2001953125
2021-11-30,14377.0,14377.0
2021-12-01,14333.0,14333.0
2021-12-02,14376.0,14376.0
2021-12-03,14443.7998046875,14443.7998046875
2021-12-06,14514.0,14514.0
2021-12-07,14490.0,14490.0
2021-12-08,14393.2998046875,14393.2998046875
2021-12-09,14335.0,14335.0
2021-12-10,14297.400390625,14297.400390625
2021-12-13,14351.900390625,14351.900390625
2021-12-14,14324.7001953125,14324.7001953125
2021-12-15,14342.5,14342.5
2021-12-16,14297.5,14297.5
2021-12-17,14380.0,14380.0
2021-12-20,14385.7001953125,14385.7001953125
2021-12-21,14388.7001953125,14388.7001953125
2021-12-22,14263.900390625,14263.900390625
2021-12-23,14193.7998046875,14193.7998046875
2021-12-24,14167.7998046875,14167.7998046875
2021-12-27,14189.2998046875,14189.2998046875
2021-12-28,14220.0,14220.0
2021-12-29,14238.2001953125,14238.2001953125
2021-12-30,14237.0,14237.0
2021-12-31,14285.2001953125,14285.2001953125
2022-01-03,14215.0,14215.0
2022-01-04,14283.599609375,14283.599609375
2022-01-05,14385.5,14385.5
2022-01-06,14446.5,14446.5
2022-01-07,14408.0,14408.0
2022-01-10,14318.5,14318.5
2022-01-11,14313.0,14313.0
2022-01-12,14277.0,14277.0
2022-01-13,14298.900390625,14298.900390625
2022-01-14,14276.0,14276.0
2022-01-17,14314.5,14314.5
2022-01-18,14349.7001953125,14349.7001953125
2022-01-19,14382.2998046875,14382.2998046875
2022-01-20,14362.7998046875,14362.7998046875
2022-01-21,14343.0,14343.0
2022-01-24,14329.7001953125,14329.7001953125
2022-01-25,14365.0,14365.0
2022-01-26,14330.5,14330.5
2022-01-27,14366.400390625,14366.400390625
2022-01-28,14389.2001953125,14389.2001953125
2022-01-31,14381.599609375,14381.599609375
2022-02-01,14350.0,14350.0
2022-02-02,14322.2998046875,14322.2998046875
2022-02-03,14363.7998046875,14363.7998046875
2022-02-04,14377.0,14377.0
2022-02-07,14400.400390625,14400.400390625
2022-02-08,14405.599609375,14405.599609375
2022-02-09,14379.5,14379.5
2022-02-10,14334.2001953125,14334.2001953125
2022-02-11,14328.0,14328.0
2022-02-14,14344.7001953125,14344.7001953125
2022-02-15,14303.0,14303.0
2022-02-16,14260.599609375,14260.599609375
2022-02-17,14274.400390625,14274.400390625
2022-02-18,14348.0,14348.0
2022-02-21,14365.900390625,14365.900390625
2022-02-22,14355.0,14355.0
2022-02-23,14395.0,14395.0
2022-02-24,14365.0,14365.0
2022-02-25,14452.5,14452.5
2022-02-28,14334.2001953125,14334.2001953125
2022-03-01,14360.0,14360.0
2022-03-02,14425.0,14425.0
2022-03-03,14387.5,14387.5
2022-03-04,14358.400390625,14358.400390625
2022-03-07,14381.7001953125,14381.7001953125
2022-03-08,14406.400390625,14406.400390625
2022-03-09,14362.7001953125,14362.7001953125
2022-03-10,14251.0,14251.0
2022-03-11,14275.0,14275.0
2022-03-14,14325.5,14325.5
2022-03-15,14347.5,14347.5
2022-03-16,14305.2998046875,14305.2998046875
2022-03-17,14263.5,14263.5
2022-03-18,14326.0,14326.0
2022-03-21,14342.2998046875,14342.2998046875
2022-03-22,14345.0,14345.0
2022-03-23,14345.5,14345.5
2022-03-24,14389.0,14389.0
2022-03-25,14337.099609375,14337.099609375
2022-03-28,14334.0,14334.0
2022-03-29,14373.0,14373.0
2022-03-30,14334.0,14334.0
2022-03-31,14327.5,14327.5
2022-04-01,14351.0,14351.0
2022-04-04,14361.0,14361.0
2022-04-05,14322.2998046875,14322.2998046875
2022-04-06,14365.5,14365.5
2022-04-07,14382.0,14382.0
2022-04-08,14385.0,14385.0
2022-04-11,14355.0,14355.0
2022-04-12,14360.7001953125,14360.7001953125
2022-04-13,14364.2001953125,14364.2001953125
2022-04-14,14360.2001953125,14360.2001953125
2022-04-15,14383.900390625,14383.900390625
2022-04-18,14337.0,14337.0
2022-04-19,14353.7998046875,14353.7998046875
2022-04-20,14364.900390625,14364.900390625
2022-04-21,14351.0,14351.0
2022-04-22,14382.0,14382.0
2022-04-25,14350.0,14350.0
2022-04-26,14478.0,14478.0
2022-04-27,14466.0,14466.0
2022-04-28,14447.5,14447.5
2022-04-29,14502.0,14502.0
2022-05-02,14490.0,14490.0
2022-05-03,14522.599609375,14522.599609375
2022-05-04,14491.0,14491.0
2022-05-05,14425.0,14425.0
2022-05-06,14458.7001953125,14458.7001953125
2022-05-09,14490.0,14490.0
2022-05-10,14552.2001953125,14552.2001953125
2022-05-11,14520.7998046875,14520.7998046875
2022-05-12,14543.400390625,14543.400390625
2022-05-13,14632.099609375,14632.099609375
2022-05-16,14606.0,14606.0
2022-05-17,14645.0,14645.0
2022-05-18,14630.599609375,14630.599609375
2022-05-19,14740.0,14740.0
2022-05-20,14626.7998046875,14626.7998046875
2022-05-23,14645.0,14645.0
2022-05-24,14619.2001953125,14619.2001953125
2022-05-25,14635.7998046875,14635.7998046875
2022-05-26,14597.0,14597.0
2022-05-27,14584.2001953125,14584.2001953125
2022-05-30,14570.0,14570.0
2022-05-31,14538.400390625,14538.400390625
2022-06-01,14543.900390625,14543.900390625
2022-06-02,14531.5,14531.5
2022-06-03,14426.7998046875,14426.7998046875
2022-06-06,14431.0,14431.0
2022-06-07,14435.2001953125,14435.2001953125
2022-06-08,14458.7998046875,14458.7998046875
2022-06-09,14495.2998046875,14495.2998046875
2022-06-10,14611.7998046875,14611.7998046875
2022-06-13,14546.0,14546.0
2022-06-14,14795.0,14795.0
2022-06-15,14740.7998046875,14740.7998046875
2022-06-16,14681.0,14681.0
2022-06-17,14776.099609375,14776.099609375
2022-06-20,14816.0,14816.0
2022-06-21,14827.7001953125,14827.7001953125
2022-06-22,14831.7001953125,14831.7001953125
2022-06-23,14843.0,14843.0
2022-06-24,14841.7998046875,14841.7998046875
2022-06-27,14841.0,14841.0
2022-06-28,14791.0,14791.0
2022-06-29,14857.0,14857.0
2022-06-30,14877.0,14877.0
2022-07-01,14921.900390625,14921.900390625
2022-07-04,14931.0,14931.0
2022-07-05,15008.0,15008.0
2022-07-06,15037.0,15037.0
2022-07-07,15010.0,15010.0
2022-07-08,14964.599609375,14964.599609375
2022-07-11,14970.0,14970.0
2022-07-12,14989.099609375,14989.099609375
2022-07-13,15010.0,15010.0
2022-07-14,15030.400390625,15030.400390625
2022-07-15,15037.099609375,15037.099609375
2022-07-18,14986.0,14986.0
2022-07-19,14977.0,14977.0
2022-07-20,14960.7998046875,14960.7998046875
2022-07-21,15022.0,15022.0
2022-07-22,15004.2001953125,15004.2001953125
2022-07-25,15011.0,15011.0
2022-07-26,14978.0,14978.0
2022-07-27,14982.7998046875,14982.7998046875
2022-07-28,14914.2001953125,14914.2001953125
2022-07-29,14849.099609375,14849.099609375
2022-08-01,14826.0,14826.0
2022-08-02,14838.0,14838.0
2022-08-03,14890.099609375,14890.099609375
2022-08-04,14900.0,14900.0
2022-08-05,14884.7001953125,14884.7001953125
2022-08-08,14886.0,14886.0
2022-08-09,14831.2001953125,14831.2001953125
2022-08-10,14856.7001953125,14856.7001953125
2022-08-11,14756.900390625,14756.900390625
2022-08-12,14724.2001953125,14724.2001953125
2022-08-15,14661.0,14661.0
2022-08-16,14776.400390625,14776.400390625
2022-08-17,14747.099609375,14747.099609375
2022-08-18,14764.099609375,14764.099609375
2022-08-19,14845.7001953125,14845.7001953125
2022-08-22,14831.0,14831.0
2022-08-23,14933.5,14933.5
2022-08-24,14850.0,14850.0
2022-08-25,14845.0,14845.0
2022-08-26,14773.0,14773.0
2022-08-29,14811.0,14811.0
2022-08-30,14895.0,14895.0
2022-08-31,14850.0,14850.0
2022-09-01,14855.0,14855.0
2022-09-02,14902.099609375,14902.099609375
2022-09-05,14890.0,14890.0
2022-09-06,14882.2998046875,14882.2998046875
2022-09-07,14904.0,14904.0
2022-09-08,14865.2998046875,14865.2998046875
2022-09-09,14892.2998046875,14892.2998046875
2022-09-12,14823.0,14823.0
2022-09-13,14858.7001953125,14858.7001953125
2022-09-14,14954.900390625,14954.900390625
2022-09-15,14915.0,14915.0
2022-09-16,14933.599609375,14933.599609375
2022-09-19,14946.0,14946.0
2022-09-20,14985.7998046875,14985.7998046875
2022-09-21,15008.599609375,15008.599609375
2022-09-22,15019.0,15019.0
2022-09-23,15026.599609375,15026.599609375
2022-09-26,15031.0,15031.0
2022-09-27,15204.0,15204.0
2022-09-28,15167.2001953125,15167.2001953125
2022-09-29,15175.2998046875,15175.2998046875
2022-09-30,15175.2001953125,15175.2001953125
2022-10-03,15221.0,15221.0
2022-10-04,15290.0,15290.0
2022-10-05,15180.0,15180.0
2022-10-06,15206.7001953125,15206.7001953125
2022-10-07,15215.7998046875,15215.7998046875
2022-10-10,15246.0,15246.0
2022-10-11,15343.0,15343.0
2022-10-12,15338.5,15338.5
2022-10-13,15318.599609375,15318.599609375
2022-10-14,15364.0,15364.0
2022-10-17,15420.0,15420.0
2022-10-18,15441.400390625,15441.400390625
2022-10-19,15466.2001953125,15466.2001953125
2022-10-20,15620.0,15620.0
2022-10-21,15562.0,15562.0
2022-10-24,15626.0,15626.0
2022-10-25,15586.5,15586.5
2022-10-26,15549.0,15549.0
2022-10-27,15502.7001953125,15502.7001953125
2022-10-28,15554.2001953125,15554.2001953125
2022-10-31,15549.2001953125,15549.2001953125
2022-11-01,15649.0,15649.0
2022-11-02,15690.0,15690.0
2022-11-03,15696.0,15696.0
2022-11-04,15780.0,15780.0
2022-11-07,15609.5,15609.5
2022-11-08,15675.0,15675.0
2022-11-09,15645.0,15645.0
2022-11-10,15671.5,15671.5
2022-11-11,15500.0,15500.0
2022-11-14,15473.900390625,15473.900390625
2022-11-15,15530.099609375,15530.099609375
2022-11-16,15557.0,15557.0
2022-11-17,15655.0,15655.0
2022-11-18,15720.0,15720.0
2022-11-21,15629.400390625,15629.400390625
2022-11-22,15755.0,15755.0
2022-11-23,15671.0,15671.0
2022-11-24,15619.599609375,15619.599609375
2022-11-25,15605.0,15605.0
2022-11-28,15675.099609375,15675.099609375
2022-11-29,15746.0,15746.0
2022-11-30,15726.5,15726.5
2022-12-01,15634.5,15634.5
2022-12-02,15355.5,15355.5
2022-12-05,15421.0,15421.0
2022-12-06,15520.2998046875,15520.2998046875
2022-12-07,15623.0,15623.0
2022-12-08,15596.0,15596.0
2022-12-09,15590.0,15590.0
2022-12-12,15582.0,15582.0
2022-12-13,15676.2998046875,15676.2998046875
2022-12-14,15554.7001953125,15554.7001953125
2022-12-15,15481.0,15481.0
2022-12-16,15626.0,15626.0
2022-12-19,15615.900390625,15615.900390625
2022-12-20,15567.5,15567.5
2022-12-21,15556.0,15556.0
2022-12-22,15513.0,15513.0
2022-12-23,15563.0,15563.0
2022-12-26,15565.900390625,15565.900390625
2022-12-27,15607.0,15607.0
2022-12-28,15617.5,15617.5
2022-12-29,15789.0,15789.0
2022-12-30,15620.0,15620.0
2023-01-02,15508.7998046875,15508.7998046875
2023-01-03,15550.0,15550.0
2023-01-04,15571.7998046875,15571.7998046875
2023-01-05,15560.0,15560.0
2023-01-06,15620.0,15620.0
2023-01-09,15602.2998046875,15602.2998046875
2023-01-10,15580.0,15580.0
2023-01-11,15528.900390625,15528.900390625
2023-01-12,15414.0,15414.0
2023-01-13,15172.0,15172.0
2023-01-16,15114.7998046875,15114.7998046875
2023-01-17,15082.0,15082.0
2023-01-18,15162.0,15162.0
2023-01-19,15096.0,15096.0
2023-01-20,15141.0,15141.0
2023-01-23,15055.900390625,15055.900390625
2023-01-24,15007.0,15007.0
2023-01-25,14955.5,14955.5
2023-01-26,14938.7001953125,14938.7001953125
2023-01-27,14942.5,14942.5
2023-01-30,14970.400390625,14970.400390625
2023-01-31,14995.0,14995.0
2023-02-01,14990.7001953125,14990.7001953125
2023-02-02,14855.0,14855.0
2023-02-03,14881.0,14881.0
2023-02-06,15078.7998046875,15078.7998046875
2023-02-07,15200.0,15200.0
2023-02-08,15147.0,15147.0
2023-02-09,15117.0,15117.0
2023-02-10,15140.0,15140.0
2023-02-13,15182.2001953125,15182.2001953125
2023-02-14,15211.0,15211.0
2023-02-15,15179.0,15179.0
2023-02-16,15210.0,15210.0
2023-02-17,15142.0,15142.0
2023-02-20,15159.0,15159.0
2023-02-21,15162.5,15162.5
2023-02-22,15233.0,15233.0
2023-02-23,15192.0,15192.0
2023-02-24,15210.0,15210.0
2023-02-27,15257.7001953125,15257.7001953125
2023-02-28,15209.0,15209.0
2023-03-01,15240.0,15240.0
2023-03-02,15243.0,15243.0
2023-03-03,15322.0,15322.0
2023-03-06,15255.099609375,15255.099609375
2023-03-07,15352.0,15352.0
2023-03-08,15437.0,15437.0
2023-03-09,15450.0,15450.0
2023-03-10,15489.0,15489.0
2023-03-13,15472.599609375,15472.599609375
2023-03-14,15409.0,15409.0
2023-03-15,15372.0,15372.0
2023-03-16,15479.0,15479.0
2023-03-17,15422.0,15422.0
2023-03-20,15368.5,15368.5
2023-03-21,15340.0,15340.0
2023-03-22,15294.0,15294.0
2023-03-23,15251.0,15251.0
2023-03-24,15047.0,15047.0
2023-03-27,15148.0,15148.0
2023-03-28,15107.5,15107.5
2023-03-29,15061.0,15061.0
2023-03-30,15031.5,15031.5
2023-03-31,15020.0,15020.0
2023-04-03,14988.0,14988.0
2023-04-04,14915.0,14915.0
2023-04-05,14958.0,14958.0
2023-04-06,14956.0,14956.0
2023-04-07,14932.0,14932.0
2023-04-10,14906.0,14906.0
2023-04-11,14955.0,14955.0
2023-04-12,14913.0,14913.0
2023-04-13,14823.5,14823.5
2023-04-14,14720.0,14720.0
2023-04-17,14693.0,14693.0
2023-04-18,14860.0,14860.0
2023-04-19,14890.0,14890.0
2023-04-20,15006.0,15006.0
2023-04-21,14946.0,14946.0
2023-04-24,14838.0,14838.0
2023-04-25,14945.0,14945.0
2023-04-26,14935.0,14935.0
2023-04-27,14841.5,14841.5
2023-04-28,14684.0,14684.0
2023-05-01,14663.0,14663.0
2023-05-02,14671.5,14671.5
2023-05-03,14752.5,14752.5
2023-05-04,14680.5,14680.5
2023-05-05,14700.0,14700.0
2023-05-08,14668.0,14668.0
2023-05-09,14750.0,14750.0
2023-05-10,14767.0,14767.0
2023-05-11,14691.0,14691.0
2023-05-12,14770.5,14770.5
2023-05-15,14743.0,14743.0
2023-05-16,14795.0,14795.0
2023-05-17,14885.0,14885.0
2023-05-18,14876.5,14876.5
2023-05-19,14916.0,14916.0
2023-05-22,14918.0,14918.0
2023-05-23,14886.0,14886.0
2023-05-24,14895.0,14895.0
2023-05-25,14945.900390625,14945.900390625
2023-05-26,14970.0,14970.0
2023-05-29,14948.0,14948.0
2023-05-30,14960.0,14960.0
2023-05-31,14979.0,14979.0
2023-06-01,14984.0,14984.0
2023-06-02,14907.0,14907.0
2023-06-05,14983.0,14983.0
2023-06-06,14849.5,14849.5
2023-06-07,14872.0,14872.0
2023-06-08,14889.0,14889.0
2023-06-09,14836.0,14836.0
2023-06-12,14833.0,14833.0
2023-06-13,14871.5,14871.5
2023-06-14,14869.0,14869.0
2023-06-15,14909.0,14909.0
2023-06-16,14897.0,14897.0
2023-06-19,14928.0,14928.0
2023-06-20,15008.0,15008.0
2023-06-21,15016.0,15016.0
2023-06-22,14943.0,14943.0
2023-06-23,14935.0,14935.0
2023-06-26,14987.0,14987.0
2023-06-27,15039.0,15039.0
2023-06-28,14982.5,14982.5
2023-06-29,14981.0,14981.0
2023-06-30,15064.0,15064.0
2023-07-03,14986.0,14986.0
2023-07-04,15056.0,15056.0
2023-07-05,15010.0,15010.0
2023-07-06,15077.0,15077.0
2023-07-07,15189.2998046875,15189.2998046875
2023-07-10,15128.0,15128.0
2023-07-11,15216.0,15216.0
2023-07-12,15156.7998046875,15156.7998046875
2023-07-13,14928.0,14928.0
2023-07-14,14954.0,14954.0
2023-07-17,14951.0,14951.0
2023-07-18,14982.5,14982.5
2023-07-19,14986.0,14986.0
2023-07-20,14992.0,14992.0
2023-07-21,15051.5,15051.5
2023-07-24,15018.0,15018.0
2023-07-25,15021.5,15021.5
2023-07-26,15032.0,15032.0
2023-07-27,15007.0,15007.0
2023-07-28,15095.0,15095.0
2023-07-31,15088.0,15088.0
2023-08-01,15104.0,15104.0
2023-08-02,15131.0,15131.0
2023-08-03,15220.0,15220.0
2023-08-04,15161.0,15161.0
2023-08-07,15163.0,15163.0
2023-08-08,15232.0,15232.0
2023-08-09,15207.2001953125,15207.2001953125
2023-08-10,15207.0,15207.0
2023-08-11,15259.0,15259.0
2023-08-14,15317.0,15317.0
2023-08-15,15347.0,15347.0
2023-08-16,15311.5,15311.5
2023-08-17,15362.0,15362.0
2023-08-18,15362.5,15362.5
2023-08-21,15278.0,15278.0
2023-08-22,15318.900390625,15318.900390625
2023-08-23,15317.0,15317.0
2023-08-24,15294.099609375,15294.099609375
2023-08-25,15239.0,15239.0
2023-08-28,15288.0,15288.0
2023-08-29,15255.5,15255.5
2023-08-30,15196.5,15196.5
2023-08-31,15216.0,15216.0
2023-09-01,15231.0,15231.0
2023-09-04,15233.0,15233.0
2023-09-05,15227.0,15227.0
2023-09-06,15298.0,15298.0
2023-09-07,15336.0,15336.0
2023-09-08,15342.0,15342.0
2023-09-11,15318.0,15318.0
2023-09-12,15339.099609375,15339.099609375
2023-09-13,15350.2001953125,15350.2001953125
2023-09-14,15353.0,15353.0
2023-09-15,15395.0,15395.0
2023-09-18,15346.0,15346.0
2023-09-19,15377.0,15377.0
2023-09-20,15384.5,15384.5
2023-09-21,15361.0,15361.0
2023-09-22,15400.5,15400.5
2023-09-25,15368.0,15368.0
2023-09-26,15405.0,15405.0
2023-09-27,15493.0,15493.0
2023-09-28,15569.0,15569.0
2023-09-29,15474.0,15474.0
2023-10-02,15448.0,15448.0
2023-10-03,15516.0,15516.0
2023-10-04,15622.0,15622.0
2023-10-05,15591.0,15591.0
2023-10-06,15631.0,15631.0
2023-10-09,15603.0,15603.0
2023-10-10,15691.400390625,15691.400390625
2023-10-11,15718.5,15718.5
2023-10-12,15693.0,15693.0
2023-10-13,15739.0,15739.0
2023-10-16,15676.0,15676.0
2023-10-17,15675.0,15675.0
2023-10-18,15728.2001953125,15728.2001953125
2023-10-19,15807.0,15807.0
2023-10-20,15856.0,15856.0
2023-10-23,15868.0,15868.0
2023-10-24,15874.0,15874.0
2023-10-25,15868.0,15868.0
2023-10-26,15877.5,15877.5
2023-10-27,15920.0,15920.0
2023-10-30,15903.5,15903.5
2023-10-31,15843.0,15843.0
2023-11-01,15748.7001953125,15748.7001953125
2023-11-02,15900.0,15900.0
2023-11-03,15838.0,15838.0
2023-11-06,15582.099609375,15582.099609375
2023-11-07,15570.0,15570.0
2023-11-08,15643.599609375,15643.599609375
2023-11-09,15616.0,15616.0
2023-11-10,15713.7001953125,15713.7001953125
2023-11-13,15683.0,15683.0
2023-11-14,15667.0,15667.0
2023-11-15,15281.0,15281.0
2023-11-16,15487.7998046875,15487.7998046875
2023-11-17,15475.0,15475.0
2023-11-20,15399.400390625,15399.400390625
2023-11-21,15382.099609375,15382.099609375
2023-11-22,15501.2998046875,15501.2998046875
2023-11-23,15612.7998046875,15612.7998046875
2023-11-24,15495.0,15495.0
2023-11-27,15560.0,15560.0
2023-11-28,15466.5,15466.5
2023-11-29,15259.0,15259.0
2023-11-30,15407.0,15407.0
2023-12-01,15549.2998046875,15549.2998046875
2023-12-04,15437.400390625,15437.400390625
2023-12-05,15519.900390625,15519.900390625
2023-12-06,15457.0,15457.0
2023-12-07,15480.0,15480.0
2023-12-08,15500.0,15500.0
2023-12-11,15560.2001953125,15560.2001953125
2023-12-12,15647.0,15647.0
2023-12-13,15569.0,15569.0
2023-12-14,15275.0,15275.0
2023-12-15,15468.0,15468.0
2023-12-18,15282.7998046875,15282.7998046875
2023-12-19,15454.400390625,15454.400390625
2023-12-20,15455.0,15455.0
2023-12-21,15518.0,15518.0
2023-12-22,15440.0,15440.0
2023-12-25,15409.2001953125,15409.2001953125
2023-12-26,15460.0,15460.0
2023-12-27,15400.0,15400.0
2023-12-28,15373.0,15373.0
2023-12-29,15425.0,15425.0
2024-01-01,15383.099609375,15383.099609375
2024-01-02,15383.0,15383.0
2024-01-03,15498.0,15498.0
2024-01-04,15555.0,15555.0
2024-01-05,15511.0,15511.0
2024-01-08,15477.5,15477.5
2024-01-09,15495.5,15495.5
2024-01-10,15534.5,15534.5
2024-01-11,15555.0,15555.0
2024-01-12,15556.5,15556.5
2024-01-15,15503.2001953125,15503.2001953125
2024-01-16,15546.0,15546.0
2024-01-17,15625.0,15625.0
2024-01-18,15624.0,15624.0
2024-01-19,15613.099609375,15613.099609375
2024-01-22,15601.0,15601.0
2024-01-23,15655.5,15655.5
2024-01-24,15715.0,15715.0
2024-01-25,15714.5,15714.5
2024-01-26,15808.0,15808.0
2024-01-29,15767.599609375,15767.599609375
2024-01-30,15828.0,15828.0
2024-01-31,15785.0,15785.0
2024-02-01,15769.0,15769.0
2024-02-02,15726.0,15726.0
2024-02-05,15727.2001953125,15727.2001953125
2024-02-06,15711.5,15711.5
2024-02-07,15733.0,15733.0
2024-02-08,15647.0,15647.0
2024-02-09,15660.2998046875,15660.2998046875
2024-02-12,15598.0,15598.0
2024-02-13,15579.5,15579.5
2024-02-14,15661.5,15661.5
2024-02-15,15553.099609375,15553.099609375
2024-02-16,15672.0,15672.0
2024-02-19,15628.599609375,15628.599609375
2024-02-20,15634.0,15634.0
2024-02-21,15661.0,15661.0
2024-02-22,15642.0,15642.0
2024-02-23,15588.0,15588.0
2024-02-26,15586.099609375,15586.099609375
2024-02-27,15638.5,15638.5
2024-02-28,15653.0,15653.0
2024-02-29,15712.2001953125,15712.2001953125
2024-03-01,15704.0,15704.0
2024-03-04,15691.900390625,15691.900390625
2024-03-05,15766.0,15766.0
2024-03-06,15751.5,15751.5
2024-03-07,15668.0,15668.0
2024-03-08,15621.0,15621.0
2024-03-11,15536.2998046875,15536.2998046875
2024-03-12,15518.0,15518.0
2024-03-13,15546.0,15546.0
2024-03-14,15574.0,15574.0
2024-03-15,15630.0,15630.0
2024-03-18,15639.2998046875,15639.2998046875
2024-03-19,15743.0,15743.0
2024-03-20,15718.0,15718.0
2024-03-21,15687.0,15687.0
2024-03-22,15723.5,15723.5
2024-03-25,15802.599609375,15802.599609375
2024-03-26,15784.0,15784.0
2024-03-27,15828.0,15828.0
2024-03-28,15877.0,15877.0
2024-03-29,15877.0,15877.0
2024-04-01,15848.0,15848.0
2024-04-02,15945.7998046875,15945.7998046875
2024-04-03,15955.0,15955.0
2024-04-04,15936.0,15936.0
2024-04-05,15904.5,15904.5
2024-04-08,15881.0,15881.0
2024-04-09,15918.0,15918.0
2024-04-10,15892.2998046875,15892.2998046875
2024-04-11,15998.2001953125,15998.2001953125
2024-04-12,16007.0,16007.0
2024-04-15,16111.0,16111.0
2024-04-16,16075.0,16075.0
2024-04-17,16312.2001953125,16312.2001953125
2024-04-18,16246.0,16246.0
2024-04-19,16220.0,16220.0
2024-04-22,16210.2998046875,16210.2998046875
2024-04-23,16246.0,16246.0
2024-04-24,16140.2001953125,16140.2001953125
2024-04-25,16220.0,16220.0
2024-04-26,16202.0,16202.0
2024-04-29,16203.0,16203.0
2024-04-30,16246.0,16246.0
2024-05-01,16273.0,16273.0
2024-05-02,16190.400390625,16190.400390625
2024-05-03,16097.0,16097.0
2024-05-06,16077.0,16077.0
2024-05-07,16034.0,16034.0
2024-05-08,16073.0,16073.0
2024-05-09,16074.0,16074.0
2024-05-10,16030.0,16030.0
2024-05-13,16038.0,16038.0
2024-05-14,16121.0,16121.0
2024-05-15,16102.0,16102.0
2024-05-16,15914.0,15914.0
2024-05-17,15930.7998046875,15930.7998046875
2024-05-20,15958.0,15958.0
2024-05-21,16031.0,16031.0
2024-05-22,16005.0,16005.0
2024-05-23,16040.7001953125,16040.7001953125
2024-05-24,16095.0,16095.0
2024-05-27,16038.0,16038.0
2024-05-28,16071.0,16071.0
2024-05-29,16117.0,16117.0
2024-05-30,16232.099609375,16232.099609375
2024-05-31,16228.0,16228.0
2024-06-03,16243.0,16243.0
2024-06-04,16203.0,16203.0
2024-06-05,16276.0,16276.0
2024-06-06,16315.0,16315.0
2024-06-07,16241.7001953125,16241.7001953125
2024-06-10,16270.0,16270.0
2024-06-11,16312.0,16312.0
2024-06-12,16305.400390625,16305.400390625
2024-06-13,16230.0,16230.0
2024-06-14,16286.0,16286.0
2024-06-17,16479.900390625,16479.900390625
2024-06-18,16479.0,16479.0
2024-06-19,16379.0,16379.0
2024-06-20,16380.900390625,16380.900390625
2024-06-21,16491.900390625,16491.900390625
2024-06-24,16443.0,16443.0
2024-06-25,16394.099609375,16394.099609375
2024-06-26,16401.0,16401.0
2024-06-27,16434.0,16434.0
2024-06-28,16374.400390625,16374.400390625
2024-07-01,16343.0,16343.0
2024-07-02,16390.0,16390.0
2024-07-03,16391.0,16391.0
2024-07-04,16340.0,16340.0
2024-07-05,16328.5,16328.5
2024-07-08,16245.0,16245.0
2024-07-09,16277.2001953125,16277.2001953125
2024-07-10,16277.0,16277.0
2024-07-11,16198.0,16198.0
2024-07-12,16104.0,16104.0
2024-07-15,16108.0,16108.0
2024-07-16,16195.0,16195.0
2024-07-17,16173.0,16173.0
2024-07-18,16138.0,16138.0
2024-07-19,16185.0,16185.0
2024-07-22,16206.0,16206.0
2024-07-23,16220.2001953125,16220.2001953125
2024-07-24,16222.0,16222.0
2024-07-25,16246.0,16246.0
2024-07-26,16337.7998046875,16337.7998046875
2024-07-29,16283.0,16283.0
2024-07-30,16301.7001953125,16301.7001953125
2024-07-31,16328.5,16328.5
2024-08-01,16255.0,16255.0
2024-08-02,16281.0,16281.0
2024-08-05,16012.0,16012.0
2024-08-06,16208.0,16208.0
2024-08-07,16152.2998046875,16152.2998046875
2024-08-08,16023.0,16023.0
2024-08-09,15979.0,15979.0
2024-08-12,15918.0,15918.0
2024-08-13,15949.099609375,15949.099609375
2024-08-14,15749.0,15749.0
2024-08-15,15619.5,15619.5
2024-08-16,15755.0,15755.0
2024-08-19,15683.0,15683.0
2024-08-20,15523.0,15523.0
2024-08-21,15442.0,15442.0
2024-08-22,15484.0,15484.0
2024-08-23,15728.5,15728.5
2024-08-26,15377.2001953125,15377.2001953125
2024-08-27,15462.599609375,15462.599609375
2024-08-28,15467.099609375,15467.099609375
2024-08-29,15440.0,15440.0
2024-08-30,15444.7998046875,15444.7998046875
2024-09-02,15525.0,15525.0
2024-09-03,15520.099609375,15520.099609375
2024-09-04,15532.900390625,15532.900390625
2024-09-05,15444.400390625,15444.400390625
2024-09-06,15417.0,15417.0
2024-09-09,15405.0,15405.0
2024-09-10,15456.7998046875,15456.7998046875
2024-09-11,15489.0,15489.0
2024-09-12,15437.0,15437.0
2024-09-13,15418.7001953125,15418.7001953125
2024-09-16,15393.0,15393.0
2024-09-17,15385.0,15385.0
2024-09-18,15345.0,15345.0
2024-09-19,15300.2001953125,15300.2001953125
2024-09-20,15197.599609375,15197.599609375
2024-09-23,15154.0,15154.0
2024-09-24,15174.099609375,15174.099609375
2024-09-25,15121.099609375,15121.099609375
2024-09-26,15201.5,15201.5
2024-09-27,15070.0,15070.0
2024-09-30,15118.0,15118.0
2024-10-01,15170.599609375,15170.599609375
2024-10-02,15260.599609375,15260.599609375
2024-10-03,15324.0,15324.0
2024-10-04,15457.0,15457.0
2024-10-07,15650.0,15650.0
2024-10-08,15744.0,15744.0
2024-10-09,15682.400390625,15682.400390625
2024-10-10,15664.599609375,15664.599609375
2024-10-11,15670.900390625,15670.900390625
2024-10-14,15562.0,15562.0
2024-10-15,15573.0,15573.0
2024-10-16,15578.599609375,15578.599609375
2024-10-17,15583.900390625,15583.900390625
2024-10-18,15493.0,15493.0
2024-10-21,15467.0,15467.0
2024-10-22,15556.0,15556.0
2024-10-23,15586.0,15586.0
2024-10-24,15663.0,15663.0
2024-10-25,15621.5,15621.5
2024-10-28,15688.099609375,15688.099609375
2024-10-29,15747.0,15747.0
2024-10-30,15768.0,15768.0
2024-10-31,15695.5,15695.5
2024-11-01,15713.0,15713.0
2024-11-04,15842.0,15842.0
2024-11-05,15790.0,15790.0
2024-11-06,15665.0,15665.0
2024-11-07,15818.2001953125,15818.2001953125
2024-11-08,15558.0,15558.0
2024-11-11,15647.2001953125,15647.2001953125
2024-11-12,15765.0,15765.0
2024-11-13,15788.900390625,15788.900390625
2024-11-14,15847.2001953125,15847.2001953125
2024-11-15,15933.2998046875,15933.2998046875
2024-11-18,15891.2998046875,15891.2998046875
2024-11-19,15806.099609375,15806.099609375
2024-11-20,15817.099609375,15817.099609375
2024-11-21,15913.0,15913.0
2024-11-22,15816.900390625,15816.900390625
2024-11-25,15940.0,15940.0
2024-11-26,15901.2001953125,15901.2001953125
2024-11-27,15930.0,15930.0
2024-11-28,15863.5,15863.5
2024-11-29,15878.0,15878.0
2024-12-02,15829.0,15829.0
2024-12-03,15910.0,15910.0
2024-12-04,15940.0,15940.0
2024-12-05,15906.599609375,15906.599609375
2024-12-06,15839.7998046875,15839.7998046875
2024-12-09,15825.7998046875,15825.7998046875
2024-12-10,15864.0,15864.0
2024-12-11,15908.0,15908.0
2024-12-12,15963.0,15963.0
2024-12-13,15967.400390625,15967.400390625
2024-12-16,16025.7998046875,16025.7998046875
2024-12-17,15955.0,15955.0
2024-12-18,15926.2001953125,15926.2001953125
2024-12-19,16145.2998046875,16145.2998046875
2024-12-20,15981.2998046875,15981.2998046875
2024-12-23,16159.2998046875,16159.2998046875
2024-12-24,16217.599609375,16217.599609375
2024-12-25,15970.7998046875,15970.7998046875
2024-12-26,15069.400390625,15069.400390625
2024-12-27,16189.0,16189.0
2024-12-30,16178.0,16178.0
2024-12-31,16085.599609375,16085.599609375
2025-01-02,16230.5,16230.5
2025-01-03,16201.099609375,16201.099609375
2025-01-06,16178.7998046875,16178.7998046875
2025-01-07,16179.099609375,16179.099609375
2025-01-08,16157.7001953125,16157.7001953125
2025-01-09,16187.599609375,16187.599609375
2025-01-10,16237.0,16237.0
2025-01-13,16268.0,16268.0
2025-01-14,16295.2001953125,16295.2001953125
2025-01-15,16320.0,16320.0
2025-01-16,16360.7998046875,16360.7998046875
2025-01-17,16368.7998046875,16368.7998046875
2025-01-20,16367.099609375,16367.099609375
2025-01-21,16245.0,16245.0
2025-01-22,16330.7998046875,16330.7998046875
2025-01-23,16232.7998046875,16232.7998046875
2025-01-24,16230.900390625,16230.900390625
2025-01-27,16164.900390625,16164.900390625
2025-01-28,16155.599609375,16155.599609375
2025-01-29,15881.2001953125,15881.2001953125
2025-01-30,16238.0,16238.0
2025-01-31,16274.5,16274.5
2025-02-03,16341.2998046875,16341.2998046875
2025-02-04,16320.0,16320.0
2025-02-05,16299.099609375,16299.099609375
2025-02-06,16298.099609375,16298.099609375
2025-02-07,16327.0,16327.0
2025-02-10,16314.7001953125,16314.7001953125
2025-02-11,16330.099609375,16330.099609375
2025-02-12,16343.2998046875,16343.2998046875
2025-02-13,16375.0,16375.0
2025-02-14,16219.0,16219.0
2025-02-17,16173.0,16173.0
2025-02-18,16220.0,16220.0
2025-02-19,16317.0,16317.0
2025-02-20,16346.400390625,16346.400390625
2025-02-21,16245.099609375,16245.099609375
2025-02-24,16278.0,16278.0
2025-02-25,16279.2998046875,16279.2998046875
2025-02-26,16314.0,16314.0
2025-02-27,16367.400390625,16367.400390625
2025-02-28,16553.69921875,16553.69921875
2025-03-03,16522.0,16522.0
2025-03-04,16451.19921875,16451.19921875
2025-03-05,16379.0,16379.0
2025-03-06,16268.900390625,16268.900390625
2025-03-07,16322.099609375,16322.099609375
2025-03-10,16292.599609375,16292.599609375
2025-03-11,16324.0,16324.0
2025-03-12,16433.900390625,16433.900390625
2025-03-13,16305.599609375,16305.599609375
2025-03-14,16259.2998046875,16259.2998046875
2025-03-17,16321.0,16321.0
2025-03-18,16370.0,16370.0
2025-03-19,16514.5,16514.5
2025-03-20,16330.2998046875,16330.2998046875
2025-03-21,16428.5,16428.5
2025-03-24,16519.0,16519.0
2025-03-25,16575.80078125,16575.80078125
2025-03-26,16621.0,16621.0
2025-03-27,16629.0,16629.0
2025-03-28,16560.900390625,16560.900390625
2025-03-31,16575.0,16575.0
2025-04-01,16652.0,16652.0
2025-04-02,16731.400390625,16731.400390625
2025-04-03,16739.0,16739.0
2025-04-04,16739.80078125,16739.80078125
2025-04-07,16738.0,16738.0
2025-04-08,16855.69921875,16855.69921875
2025-04-09,17051.900390625,17051.900390625
2025-04-10,16805.5,16805.5
2025-04-11,16833.80078125,16833.80078125
2025-04-14,16788.0,16788.0
2025-04-15,16780.0,16780.0
2025-04-16,16813.5,16813.5
2025-04-17,16794.599609375,16794.599609375
2025-04-22,16814.900390625,16814.900390625
2025-04-23,16858.099609375,16858.099609375
2025-04-24,16846.0,16846.0
2025-04-25,16778.5,16778.5
2025-04-28,16823.0,16823.0
2025-04-29,16795.0,16795.0
2025-04-30,16711.900390625,16711.900390625
2025-05-01,16545.900390625,16545.900390625
2025-05-02,16606.0,16606.0
2025-05-05,16460.0,16460.0
2025-05-06,16421.5,16421.5
2025-05-07,16432.0,16432.0
2025-05-08,16492.599609375,16492.599609375
2025-05-09,16538.30078125,16538.30078125
2025-05-12,16543.0,16543.0
2025-05-13,16688.80078125,16688.80078125
2025-05-14,16599.400390625,16599.400390625
2025-05-15,16558.19921875,16558.19921875
2025-05-16,16511.80078125,16511.80078125
2025-05-19,16487.0,16487.0
2025-05-20,16428.0,16428.0
2025-05-21,16403.0,16403.0
2025-05-22,16347.599609375,16347.599609375
2025-05-23,16356.900390625,16356.900390625
2025-05-26,16211.0,16211.0
2025-05-27,16243.5,16243.5
2025-05-28,16279.0,16279.0
2025-05-29,16286.0,16286.0
2025-05-30,16293.0,16293.0
2025-06-02,16322.0,16322.0
2025-06-03,16288.5,16288.5
2025-06-04,16332.400390625,16332.400390625
2025-06-05,16291.5,16291.5
2025-06-06,16246.400390625,16246.400390625
2025-06-09,16309.0,16309.0
2025-06-10,16278.7998046875,16278.7998046875
2025-06-11,16247.7998046875,16247.7998046875
2025-06-12,15778.0,15778.0
2025-06-13,16164.5,16164.5
2025-06-16,16282.599609375,16282.599609375
2025-06-17,15801.0,15801.0
2025-06-18,16275.0,16275.0
2025-06-19,15598.5,15598.5
2025-06-20,16390.0,16390.0
2025-06-23,16431.0,16431.0
2025-06-24,16370.0,16370.0
2025-06-25,16290.0,16290.0
2025-06-26,16290.0,16290.0
2025-06-27,16222.7998046875,16222.7998046875
2025-06-30,16229.0,16229.0
2025-07-01,16230.0,16230.0
2025-07-02,16236.400390625,16236.400390625
2025-07-03,16235.0,16235.0
2025-07-04,16203.7001953125,16203.7001953125
2025-07-07,16178.0,16178.0
2025-07-08,16318.900390625,16318.900390625
2025-07-09,16261.0,16261.0
2025-07-10,16235.0,16235.0
2025-07-11,16209.099609375,16209.099609375
2025-07-14,16222.0,16222.0
2025-07-15,16256.2001953125,16256.2001953125
2025-07-16,16252.099609375,16252.099609375
2025-07-17,16271.2001953125,16271.2001953125
2025-07-18,16329.7001953125,16329.7001953125
2025-07-21,16321.0,16321.0
2025-07-22,16329.5,16329.5
2025-07-23,16245.2998046875,16245.2998046875
2025-07-24,16266.099609375,16266.099609375
2025-07-25,16307.0,16307.0
2025-07-28,16353.0,16353.0
2025-07-29,16398.80078125,16398.80078125
2025-07-30,16367.900390625,16367.900390625
2025-07-31,16426.80078125,16426.80078125
2025-08-01,16483.0,16483.0
2025-08-04,16483.0,16483.0
2025-08-05,16362.0,16362.0
2025-08-06,16377.5,16377.5
2025-08-07,16334.7001953125,16334.7001953125
2025-08-08,16300.0,16300.0
2025-08-11,16249.0,16249.0
2025-08-12,16298.0,16298.0
2025-08-13,16248.2001953125,16248.2001953125
2025-08-14,16109.0,16109.0
2025-08-15,16169.0,16169.0
2025-08-18,16196.0,16196.0
2025-08-19,16205.400390625,16205.400390625
2025-08-20,16275.2001953125,16275.2001953125
2025-08-21,16263.599609375,16263.599609375
2025-08-22,16339.7001953125,16339.7001953125
2025-08-25,16227.0,16227.0
2025-08-26,16267.0,16267.0
2025-08-27,16299.2001953125,16299.2001953125
2025-08-28,16314.0,16314.0
2025-08-29,16344.2998046875,16344.2998046875
2025-09-01,16409.0,16409.0
2025-09-02,16405.19921875,16405.19921875
2025-09-03,16443.900390625,16443.900390625
2025-09-04,16463.0,16463.0
2025-09-05,16452.099609375,16452.099609375
2025-09-08,16392.0,16392.0
2025-09-09,16446.099609375,16446.099609375
2025-09-10,16449.900390625,16449.900390625
2025-09-11,16439.0,16439.0
2025-09-12,16413.599609375,16413.599609375
2025-09-15,16401.0,16401.0
2025-09-16,16364.599609375,16364.599609375
2025-09-17,16398.099609375,16398.099609375
2025-09-18,16418.599609375,16418.599609375
2025-09-19,16569.099609375,16569.099609375
2025-09-22,16637.0,16637.0
2025-09-23,16582.0,16582.0
2025-09-24,16633.0,16633.0
2025-09-25,16695.099609375,16695.099609375
2025-09-26,16759.099609375,16759.099609375
2025-09-29,16723.0,16723.0
2025-09-30,16628.0,16628.0
2025-10-01,16683.0,16683.0
2025-10-02,16644.099609375,16644.099609375
2025-10-03,16601.5,16601.5
2025-10-06,16558.0,16558.0
2025-10-07,16596.5,16596.5
2025-10-08,16587.0,16587.0
2025-10-09,16556.0,16556.0
2025-10-10,16577.69921875,16577.69921875
2025-10-13,16598.0,16598.0
2025-10-14,16548.0,16548.0
2025-10-15,16585.900390625,16585.900390625
2025-10-16,16575.0,16575.0
2025-10-17,16561.900390625,16561.900390625
2025-10-20,16566.0,16566.0
2025-10-21,16542.0,16542.0
2025-10-22,16598.900390625,16598.900390625
2025-10-23,16596.599609375,16596.599609375
2025-10-24,16593.80078125,16593.80078125
2025-10-27,16597.80078125,16597.80078125
2025-10-28,16158.2001953125,16158.2001953125
2025-10-29,16561.779296875,16561.779296875
2025-10-30,16562.0,16562.0
2025-10-31,16150.0,16150.0
2025-11-03,16630.0,16630.0
2025-11-04,16640.900390625,16640.900390625
2025-11-05,16707.0,16707.0
2025-11-06,16669.0,16669.0
2025-11-07,16694.099609375,16694.099609375
2025-11-10,16653.0,16653.0
2025-11-11,16690.0,16690.0
2025-11-12,16694.900390625,16694.900390625
2025-11-13,16729.0,16729.0
2025-11-14,16719.0,16719.0
2025-11-17,16679.5,16679.5
2025-11-18,16738.900390625,16738.900390625
2025-11-19,16727.69921875,16727.69921875
2025-11-20,16686.69921875,16686.69921875
2025-11-21,16731.0,16731.0
2025-11-24,16639.0,16639.0
2025-11-25,16645.0,16645.0
2025-11-26,16633.5,16633.5
2025-11-27,16614.69921875,16614.69921875
2025-11-28,16603.900390625,16603.900390625
2025-12-01,16635.0,16635.0
2025-12-02,16609.0,16609.0
2025-12-03,16609.900390625,16609.900390625
2025-12-04,16594.0,16594.0
2025-12-05,16654.400390625,16654.400390625
2025-12-08,16683.0,16683.0
2025-12-09,16686.0,16686.0
2025-12-10,16662.0,16662.0
2025-12-11,16639.0,16639.0
2025-12-12,16649.0,16649.0
2025-12-15,16623.099609375,16623.099609375
2025-12-16,16645.80078125,16645.80078125
2025-12-17,16644.599609375,16644.599609375
2025-12-18,16657.0,16657.0
2025-12-19,16685.19921875,16685.19921875
2025-12-22,16678.5,16678.5
2025-12-23,16756.400390625,16756.400390625
2025-12-24,16735.0,16735.0
2025-12-26,16753.099609375,16753.099609375
2025-12-29,16741.099609375,16741.099609375
2025-12-30,16770.0,16770.0
2025-12-31,16709.0,16709.0
2026-01-02,16668.0,16668.0
