scenario,seed,selection_recall,selection_precision,selection_f1,n_selected,n_relevant,n_relevant_effective,n_placebo_topics,placebo_selected,L,K,K_true,selection_recall_strong,selection_recall_weak,n_relevant_strong,n_relevant_weak,relevant_norm_median,gamma_subspace_cos,gamma_subspace_cos_all_relevant,gamma_relevant_rows_selected,gamma_informative_cosines,factor_canonical_corr,factor_canonical_corr_mean,state_canonical_corr,state_canonical_corr_mean,impact_spearman,impact_sign_agreement,impact_spearman_all_relevant,impact_sign_agreement_all_relevant,mve_sharpe_is,sharpe_mve_true,sharpe_mve_true_realised,factor_structure,oos_sharpe,oos_sharpe_true_mve,n_oos_periods,oos_sharpe_se,oos_sharpe_ratio_to_true,systematic_r2_recovered,systematic_r2_recovered_narrative,systematic_r2_true,total_r2,pred_r2,oos_selection_stability,instrument_beta_r2_relevant,instrument_beta_r2_noise,instrument_beta_r2_placebo,instrument_beta_r2_chance,instrument_beta_r2_n_periods,instrument_beta_r2_mean_n_assets,beta_canonical_corr,beta_canonical_corr_mean,beta_canonical_corr_n_periods,beta_canonical_corr_mean_n_assets,null_selection_lift,null_selection_lift_relevant,null_oos_sharpe_abs,lam_star,lam_max,converged,wrapup_rank_deficient,runtime_seconds,pass_selection_recall,pass_selection_recall_strong,pass_selection_precision,pass_beta_canonical_corr,pass_placebo_selected,pass_gamma_subspace_cos,pass_factor_canonical_corr,pass_state_canonical_corr,pass_impact_spearman,pass_oos_sharpe_ratio_to_true,pass_systematic_r2_recovered,pass_null_selection_lift,pass_null_oos_sharpe_abs,all_passed,harness_seconds,error
baseline,0,0.35,1.0,0.5185185185185185,7.0,20.0,20.0,20.0,0.0,120.0,3.0,3.0,0.5,0.2,10.0,10.0,0.09259514462281199,,,7.0,3.0,0.9951615386909352,0.6330459434905465,0.8306292817717604,0.4830262022775747,0.1785714285714286,0.7142857142857143,0.2540844599930803,0.25,0.8938403650069711,1.0,1.080963732024945,1.0,0.8160110524744746,1.0703467536928968,88.0,0.37436213961642095,0.7623800881901903,0.9204984173350341,0.9204984173350341,0.259201558282752,0.25673249465018266,0.010460333669265576,0.24816798079509944,0.8394886452570411,0.10649976174991367,0.12001483389944453,0.007140307033202428,20.0,420.15,0.9748306646811751,0.6193694395076538,19.0,419.63157894736844,1.1666666666666667,0.35,0.8160110524744746,0.0002297070957366047,0.011101583689999342,1.0,1.0,2229.463587800041,0.0,0.0,1.0,1.0,1.0,,1.0,,,1.0,1.0,,,False,2229.829876099713,
baseline,1,0.15,1.0,0.2608695652173913,3.0,20.0,20.0,20.0,0.0,120.0,3.0,3.0,0.2,0.1,10.0,10.0,0.08549485457482425,,,3.0,0.0,0.9938599296452696,0.3312866432150899,0.8277891128688708,0.2759297042896236,1.0,0.6666666666666666,0.23463583987924982,0.1,0.6768160946473868,1.0,0.6913664032871369,1.0,0.4460909842082422,0.5609134079252729,88.0,0.37080224120228245,0.7952938508962728,0.8926474382570331,0.8926474382570331,0.26898184964310023,0.22675494823811682,0.00884539709817933,0.2245274921562828,0.7954873806189054,0.1078120684445198,0.12151676364647199,0.006995452955578873,20.0,428.85,0.9756258620280678,0.3252086206760226,19.0,428.7894736842105,0.5,0.15,0.4460909842082422,0.0005326332153276919,0.009763064096443189,1.0,1.0,2373.1644055000506,0.0,0.0,1.0,1.0,1.0,,1.0,,,1.0,1.0,,,False,2373.519398799632,
baseline,2,1.0,0.1694915254237288,0.2898550724637681,118.0,20.0,20.0,20.0,19.0,120.0,3.0,3.0,1.0,1.0,10.0,10.0,0.09800391733828945,0.5068326949500227,0.5068326949500227,20.0,3.0,0.9923063260854681,0.866567161667884,0.5810014853890026,0.4703542522027595,0.7263157894736841,0.6,0.7263157894736841,0.6,1.3314080461384665,1.0,1.3385257791231984,1.0,0.5953403549547219,1.2189750788607174,88.0,0.37199118802366704,0.4883941971243095,0.9255139359819524,0.924845392907541,0.2679253060657607,0.26902174497711906,0.01876591466784039,0.5728132191598932,0.786411641399546,0.10090532998672948,0.11304584313940229,0.007177892092355545,20.0,417.95,0.9717400566180597,0.8376643347847897,19.0,417.63157894736844,19.666666666666668,5.9,0.5953403549547219,1.0566238799258192e-06,0.010566238799258193,0.0,0.0,2617.050898499787,1.0,1.0,0.0,1.0,0.0,,1.0,,,0.0,1.0,,,False,2617.3994058999237,
no_factor,0,0.8,0.16666666666666666,0.27586206896551724,96.0,20.0,0.0,20.0,17.0,120.0,3.0,3.0,0.8,,20.0,0.0,0.0,,,16.0,3.0,0.20363248283369173,0.09666284667351262,0.03406309578687372,0.020527856327002558,,0.0,,0.2,0.4238500819307952,1.0,1.080963732024945,0.0,-0.36139740371810053,,88.0,0.3702779061011763,,,,0.0,0.024673877911145614,4.061637397345663e-05,0.5907262905162065,1.554312234475219e-17,1.755540157688529e-17,8.049116928532386e-18,0.007140307033202428,20.0,420.15,,,,,16.0,4.8,0.36139740371810053,7.894121108169899e-06,5.487936126552931e-05,1.0,0.0,2341.8370849997737,,,,,,,,,,,,0.0,1.0,False,2342.1918545998637,
no_factor,1,0.0,0.0,0.0,6.0,20.0,0.0,20.0,2.0,120.0,3.0,3.0,0.0,,20.0,0.0,0.0,,,0.0,0.0,0.3259510269681539,0.16209195815980018,0.04127684088063514,0.01836242659212387,,,,1.0,0.23533544771049197,1.0,0.6913664032871369,0.0,-0.5041050964099513,,88.0,0.3712243406209629,,,,0.0,0.011396541002591132,2.650875255927332e-05,0.4976486246672582,2.2759572004815708e-17,1.894318035766673e-17,1.859623566247137e-17,0.006995452955578873,20.0,428.85,,,,,1.0,0.3,0.5041050964099513,3.6767889595461696e-05,5.970284387416977e-05,1.0,0.0,2487.6921423999593,,,,,,,,,,,,1.0,1.0,True,2488.087171900086,
no_factor,2,1.0,0.16666666666666666,0.2857142857142857,120.0,20.0,0.0,20.0,20.0,120.0,3.0,3.0,1.0,,20.0,0.0,0.0,,,20.0,3.0,0.1151542845878078,0.0815681947235244,0.024709027380201254,0.01780634193461943,,0.0,,0.0,0.47789822398247983,1.0,1.3385257791231984,0.0,0.038008153229865414,,88.0,0.3692855865454019,,,,0.0,0.028114609698050574,0.000141924045561459,0.243040293040293,2.2759572004815708e-17,1.5959455978986624e-17,2.0539125955565396e-17,0.007177892092355545,20.0,417.95,,,,,20.0,6.0,0.038008153229865414,6.3869295143054545e-09,6.386929514305459e-05,1.0,0.0,2763.5051812003367,,,,,,,,,,,,0.0,1.0,False,2763.8385838000104,
topic_null,0,1.0,0.1694915254237288,0.2898550724637681,118.0,20.0,0.0,20.0,19.0,120.0,3.0,3.0,1.0,,20.0,0.0,0.0,,,20.0,3.0,0.969291815340178,0.6869251339384927,0.10341336260543711,0.06914414377584431,,0.0,,0.0,0.993950963126829,1.0,1.080963732024945,1.0,1.0791776361032326,1.0703467536928968,88.0,0.37812804747280865,1.0082504874050093,0.856415211108788,0.8482911089588331,0.259201558282752,0.25702740285845216,0.004171368757092231,0.5871743692791048,0.09974234236414045,0.10649976174991367,0.12095872648621295,0.007140307033202428,20.0,420.15,0.9214418754816461,0.5609546081926409,19.0,419.63157894736844,19.666666666666668,5.9,1.0791776361032326,5.2800564178651665e-06,0.004677426632078375,1.0,0.0,2971.512465900276,,,,,,,,,,,,,,True,2971.8957197000277,
topic_null,1,0.3,0.15384615384615385,0.2033898305084746,39.0,20.0,0.0,20.0,9.0,120.0,3.0,3.0,0.3,,20.0,0.0,0.0,,,6.0,3.0,0.9833642515272111,0.3504473495825486,0.02651818113111845,0.008839393710372817,,0.0,,0.7,0.6877062368325595,1.0,0.6913664032871369,1.0,0.1899479017542345,0.5609134079252729,88.0,0.36955194158679905,0.3386403303440736,0.8130457749495079,0.7579579456557118,0.26898184964310023,0.20723715966773726,0.00881688433051786,0.584431007800573,0.1098060120856504,0.1078120684445198,0.12012306099905948,0.006995452955578873,20.0,428.85,0.8875007459715024,0.3409691329197524,19.0,428.7894736842105,6.5,1.95,0.1899479017542345,0.0003925356510202892,0.004431091167088201,1.0,1.0,1890.406695699785,,,,,,,,,,,,,,True,1890.7809271002188,
topic_null,2,0.9,0.15789473684210525,0.26865671641791045,114.0,20.0,0.0,20.0,20.0,120.0,3.0,3.0,0.9,,20.0,0.0,0.0,,,18.0,3.0,0.9631552061086598,0.6276888608565317,0.11021165475490215,0.07696642932569406,,0.0,,0.1,1.0864213304799077,1.0,1.3385257791231984,1.0,0.3059223605461527,1.2189750788607174,88.0,0.36999376907132236,0.25096687032525294,0.8703450387804365,0.8594524516975661,0.2679253060657607,0.2525624833873622,0.018000813577094266,0.3045238095238095,0.09369389836025274,0.10090532998672948,0.1188286668487212,0.007177892092355545,20.0,417.95,0.9244276367068324,0.5266482231671258,19.0,417.63157894736844,19.0,5.7,0.3059223605461527,1.5722404995561057e-05,0.005282442380844556,1.0,0.0,2173.9297657003626,,,,,,,,,,,,,,True,2174.316549499985,
softmax,0,0.35,1.0,0.5185185185185185,7.0,20.0,20.0,20.0,0.0,120.0,3.0,3.0,0.5,0.2,10.0,10.0,0.09259514462281193,,,7.0,3.0,0.9950445555550851,0.6318271698770362,0.8217326383789748,0.4714974167604618,0.42857142857142866,0.7142857142857143,0.28408054207559674,0.25,0.8900487460549272,1.0,1.080963732024945,1.0,0.7654349454728464,1.0703467536928968,88.0,0.3737546796282822,0.7151280113962625,0.9197534945024537,0.9197534945024537,0.259201558282752,0.2564974990690382,0.010923900559731692,0.18809551792745066,0.8173055415579109,0.20910099680545785,0.16363843037658737,0.007140307033202428,20.0,420.15,0.9748109151535369,0.6170550604101338,19.0,419.63157894736844,1.1666666666666667,0.35,0.7654349454728464,0.00023105434054263244,0.011166695091617438,1.0,1.0,1948.3037553001195,0.0,0.0,1.0,1.0,1.0,,1.0,,,1.0,1.0,,,False,1948.641550899949,
softmax,1,0.2,1.0,0.33333333333333337,4.0,20.0,20.0,20.0,0.0,120.0,3.0,3.0,0.2,0.2,10.0,10.0,0.08549485457482425,,,4.0,1.0,0.9930096215816707,0.33100320719389026,0.8107220233569904,0.27024067445233013,1.0,0.75,0.28178559791550184,0.15,0.6686194666785054,1.0,0.6913664032871369,1.0,0.41112545371546416,0.5609134079252729,88.0,0.3705725310759379,0.7329570801955868,0.8922492459361814,0.8922492459361814,0.26898184964310023,0.22654200223900534,0.009099977524018588,0.4016306522609044,0.7815614686232581,0.16980505382982278,0.20037664787055381,0.006995452955578873,20.0,428.85,0.9749644477301507,0.32498814924338354,19.0,428.7894736842105,0.6666666666666666,0.2,0.41112545371546416,0.000531413383157422,0.009740704808057608,1.0,1.0,1825.1441175998189,0.0,0.0,1.0,1.0,1.0,,1.0,,,1.0,1.0,,,False,1825.5174044002777,
softmax,2,0.8,0.20512820512820512,0.326530612244898,78.0,20.0,20.0,20.0,14.0,120.0,3.0,3.0,0.8,0.8,10.0,10.0,0.09800391733828945,0.5589534913644137,0.4703124125484388,16.0,3.0,0.9936041849219167,0.8906721640848351,0.7019798513176392,0.6176720888691807,0.6029411764705882,0.625,0.5615134319361405,0.5,1.3152634314760803,1.0,1.3385257791231984,1.0,0.5459251352637331,1.2189750788607174,88.0,0.3715602411492828,0.4478558624627236,0.940122900399496,0.9396202609393791,0.2679253060657607,0.2662439516410019,0.018881483467872662,0.43105003620638654,0.7782490583166279,0.1239553357235251,0.12457258211937514,0.007177892092355545,20.0,417.95,0.9742588500892583,0.8782614315289097,19.0,417.63157894736844,13.0,3.9,0.5459251352637331,1.1866757508423592e-05,0.010512366386561958,1.0,0.0,2019.5722647001967,1.0,1.0,0.0,1.0,0.0,,1.0,,,0.0,1.0,,,False,2019.8954034000635,
weak,0,0.5,1.0,0.6666666666666666,10.0,20.0,20.0,20.0,0.0,120.0,3.0,3.0,0.7,0.3,10.0,10.0,0.032408300617984186,,,10.0,3.0,0.9950324687464329,0.6219403413619093,0.6768592807565176,0.3457694601209205,0.32121212121212117,0.5,0.17673961216868062,0.25,0.6141821876056256,0.6000000000000001,0.7159093241738422,1.0,0.5281810908437967,0.7007904561239366,88.0,0.3714144896137307,0.753693327624865,0.9128991215258248,0.9128991215258248,0.259201558282752,0.2507668425587324,0.004642546105744327,0.30652616712524544,0.6518034744958906,0.10650075786353219,0.12085192177243567,0.007140307033202428,20.0,420.15,0.9718757714819822,0.5838019927032071,19.0,419.63157894736844,1.6666666666666667,0.5,0.5281810908437967,0.00013467578827845085,0.010568816761645674,1.0,1.0,1879.100418499671,1.0,1.0,1.0,1.0,1.0,,1.0,,,1.0,1.0,,,True,1879.431992500089,
weak,1,0.1,1.0,0.18181818181818182,2.0,20.0,20.0,20.0,0.0,120.0,3.0,3.0,0.2,0.0,10.0,10.0,0.029923199101188486,,,2.0,0.0,0.9937878400511577,0.3312626133503859,0.6283575378886701,0.2094525126295567,,,0.12699986248795578,0.05,0.4123003586250664,0.6000000000000001,0.27707540563651156,1.0,0.11249127873376617,0.13500531178127637,88.0,0.3693718123058202,0.833235946419757,0.8847081794499221,0.8847081794499221,0.26898184964310023,0.22082232765688903,0.0032986871477002078,0.44867536386535295,0.5660440115187358,0.10781370288531271,0.1203149156383327,0.006995452955578873,20.0,428.85,0.9713125126471257,0.3237708375490419,19.0,428.7894736842105,0.3333333333333333,0.1,0.11249127873376617,0.000831829746164673,0.009390009369011399,1.0,1.0,1793.3946715001948,0.0,0.0,1.0,1.0,1.0,,1.0,,,1.0,1.0,,,False,1793.687305400148,
weak,2,0.2,1.0,0.33333333333333337,4.0,20.0,20.0,20.0,0.0,120.0,3.0,3.0,0.4,0.0,10.0,10.0,0.03430137106840131,,,4.0,1.0,0.9944985197088938,0.3314995065696313,0.5969404446117943,0.19898014820393142,0.39999999999999997,0.75,0.28178559791550184,0.15,0.7324313776586963,0.6000000000000001,0.9507067670232939,1.0,0.4260001272843748,0.8283230645609856,88.0,0.3706679789463505,0.5142922435827095,0.8301505156647926,0.8301505156647926,0.2679253060657607,0.21885125986847287,0.008975245715307612,0.44282831355613655,0.5816793098304199,0.10090452320569443,0.11749566613689762,0.007177892092355545,20.0,417.95,0.9647455710449695,0.3215818570149898,19.0,417.63157894736844,0.6666666666666666,0.2,0.4260001272843748,0.0037788905164971567,0.009963615076525859,1.0,1.0,1807.8647680999711,0.0,0.0,1.0,1.0,1.0,,1.0,,,1.0,1.0,,,False,1808.132905300241,
