leg_id,name,benchmark_index,proxy_ticker,source,fallback_tickers,quote_ccy,return_ccy,tr_or_price,invert,notes,leg_type,components
eq_world,World EQ,MSCI World (NR),URTH,yahoo,yahoo:IWDA.AS@EUR;yahoo:SWDA.L@GBp,USD,USD,TR,False,iShares MSCI World ETF (US-listed). Short leg of every 'v World EQ' asset. World EQ read as MSCI World (TBC).,equity,
eq_acwi,Global Equity,MSCI ACWI (NR),ACWI,yahoo,yahoo:VT,USD,USD,TR,False,Global Equity read as MSCI ACWI (TBC). Fallback VT tracks FTSE Global All Cap.,equity,
eq_em,EM equity,MSCI Emerging Markets,EEM,yahoo,yahoo:IEMG;yahoo:EIMI.L,USD,USD,TR,False,'EM v World EQ' read as EM equity (TBC). IEMG and EIMI.L (USD line; from 2014-05-30) track MSCI EM IMI.,equity,
eq_energy,Energy Global,MSCI World Energy,IXC,yahoo,,USD,USD,TR,False,"Proxy tracks S&P Global 1200 Energy, which includes some EM names. UCITS MSCI World sector ETFs start about 2016 [VERIFY].",equity,
eq_materials,Materials Global,MSCI World Materials,MXI,yahoo,,USD,USD,TR,False,Proxy tracks S&P Global 1200 Materials.,equity,
eq_industrials,Industrials Global,MSCI World Industrials,EXI,yahoo,,USD,USD,TR,False,Proxy tracks S&P Global 1200 Industrials.,equity,
eq_cons_disc,Consumer Discretionary Global,MSCI World Consumer Discretionary,RXI,yahoo,,USD,USD,TR,False,Proxy tracks S&P Global 1200 Consumer Discretionary. GICS 2018 reclassification moved some internet names out (small break).,equity,
eq_cons_staples,Consumer Staples Global,MSCI World Consumer Staples,KXI,yahoo,,USD,USD,TR,False,Proxy tracks S&P Global 1200 Consumer Staples.,equity,
eq_healthcare,Healthcare Global,MSCI World Health Care,IXJ,yahoo,,USD,USD,TR,False,Proxy tracks S&P Global 1200 Health Care.,equity,
eq_financials,Financials Global,MSCI World Financials,IXG,yahoo,,USD,USD,TR,False,Proxy tracks S&P Global 1200 Financials. Included Real Estate before the GICS 2016 change (Real Estate became its own sector in Sep 2016).,equity,
eq_info_tech,Information Technology Global,MSCI World Information Technology,IXN,yahoo,,USD,USD,TR,False,Proxy tracks S&P Global 1200 IT. GICS 2018 moved GOOGL and META to Communication Services.,equity,
eq_comm_services,Communication Services Global,MSCI World Communication Services,IXP,yahoo,,USD,USD,TR,False,Proxy tracks S&P Global 1200 Communication Services. Structural break Sep 2018: the sector was Telecom Services before the GICS change.,equity,
eq_utilities,Utilities Global,MSCI World Utilities,JXI,yahoo,,USD,USD,TR,False,Proxy tracks S&P Global 1200 Utilities.,equity,
eq_real_estate,Real Estate Global,MSCI World Real Estate,RWO,yahoo,yahoo:REET,USD,USD,TR,False,RWO tracks Dow Jones Global Select Real Estate Securities; REET tracks FTSE EPRA Nareit Global REITs (from 2014-07-10).,equity,
eq_switzerland,Switzerland Large Cap,SMI or MSCI Switzerland (TBC),EWL,yahoo,yahoo:CSSMI.SW@CHF,USD,USD,TR,False,"EWL tracks MSCI Switzerland 25/50 in USD. Fallback CSSMI.SW is the SMI in CHF, converted to USD with fx_chf.",equity,
eq_emu,EMU,MSCI EMU,EZU,yahoo,yahoo:CSEMU.SW@EUR,USD,USD,TR,False,"EZU tracks MSCI EMU in USD. Fallback CSEMU.SW (EUR, Acc) converted to USD.",equity,
eq_uk,UK equity,MSCI UK,EWU,yahoo,yahoo:ISF.L@GBp,USD,USD,TR,False,"EWU tracks MSCI UK in USD. Fallback ISF.L is FTSE 100 in GBp, converted to USD.",equity,
eq_japan,Japan,MSCI Japan,EWJ,yahoo,,USD,USD,TR,False,EWJ tracks MSCI Japan in USD (unhedged).,equity,
eq_australia,Australia,MSCI Australia,EWA,yahoo,,USD,USD,TR,False,EWA tracks MSCI Australia in USD (unhedged).,equity,
eq_us_large,US Large Cap,S&P 500 / MSCI USA (TBC),IVV,yahoo,yahoo:SPY,USD,USD,TR,False,IVV tracks the S&P 500.,equity,
eq_us_smid,US Small and Mid Cap,Russell 2500 / MSCI USA SMID (TBC),VXF,yahoo,yahoo:IWM,USD,USD,TR,False,VXF tracks S&P Completion (US total market ex S&P 500). Fallback IWM is Russell 2000 (small cap only).,equity,
eq_quality,Quality,MSCI World Sector Neutral Quality,IWQU.L,yahoo,yahoo:IS3Q.DE@EUR,USD,USD,TR,False,"iShares Edge MSCI World Quality Factor UCITS ETF USD (Acc), LSE USD line. IS3Q.DE is the same fund in EUR. XDEQ.DE (MSCI World Quality, not sector neutral) not used.",equity,
eq_value,Value,MSCI World Enhanced Value,IWVL.L,yahoo,yahoo:IS3S.DE@EUR,USD,USD,TR,False,"iShares Edge MSCI World Value Factor UCITS ETF USD (Acc), LSE USD line. IS3S.DE is the same fund in EUR. XDEV.DE (MSCI World Value) not used.",equity,
dur_global,Global Duration,"FTSE World Government Bond Index, EUR-hedged [VERIFY]",DBZB.DE,yahoo,,EUR,EUR,TR,False,"Xtrackers II Global Government Bond UCITS ETF 1C EUR Hedged (Acc). Hedged to EUR, so used as the short leg against local-currency country legs. Unhedged alternatives (IGLO.L, XG7S.DE, BWX) are not fallbacks because the hedge changes the return.",rates,
gov_us_7_10,US 7-10y,ICE US Treasury 7-10 Year,IEF,yahoo,,USD,USD,TR,False,Exact 7-10y bucket.,rates,
gov_uk_7_10,UK 7-10y,FTSE Actuaries UK Gilts 7-10y (TBC),IGLT.L,yahoo,yahoo:VGOV.L,GBP,GBP,TR,False,"iShares Core UK Gilts (Dist): all-maturity gilts, duration longer than the 7-10y bucket. No 7-10y gilt ETF found. VGOV.L is also all-maturity.",rates,
gov_de_7_10,DE 7-10y,eb.rexx Government Germany 5.5-10.5,EXHD.DE,yahoo,yahoo:X03G.DE,EUR,EUR,TR,False,iShares eb.rexx Government Germany 5.5-10.5yr (Dist). Identity correction: EXHC.DE is the 2.5-5.5y fund. X03G.DE is all-maturity Bunds.,rates,
gov_it_7_10,IT 7-10y (Italy),Italy BTP 7-10y,IITB.MI,yahoo,,EUR,EUR,TR,False,'IT 7-10y' read as Italy government bonds (TBC). iShares Italy Govt Bond (Dist) covers all maturities. BTP10.MI starts only 2024-02-19.,rates,
gov_ch_7_10,CH 7-10y,SBI Domestic Government 7-15,CSBGC0.SW,yahoo,,CHF,CHF,TR,False,iShares Swiss Domestic Government Bond 7-15. Identity correction: CSBGC7.SW is the 3-7y fund.,rates,
gov_jp_7_10,JP 7-10y,JGB 7-10y,XJSE.DE,yahoo,,EUR,JPY,TR,False,"Xtrackers II Japan Government Bond UCITS ETF 1C (all maturities, unhedged, EUR quote on Xetra). Converted to a JPY-local level: EUR price x EURUSD / (USD per JPY), using fx_eur and fx_jpy on the fund's trading days. 7-10y JGB ETFs (236A.T, 2561.T, 2510.T) start 2017-2024.",rates,
cr_global,Global Credit,"Bloomberg Global Aggregate Corporate (USD, unhedged)",CORP.L,yahoo,,USD,USD,TR,False,"iShares Global Corp Bond UCITS ETF USD (Dist), unhedged. LQD (US IG only) and PICB (ex-US) are not equivalent.",credit,
cr_eur_ig,EUR IG,Bloomberg Euro Aggregate Corporate,IEAC.L,yahoo,yahoo:EUN5.DE;yahoo:IEAC.AS,EUR,EUR,TR,False,"iShares Core EUR Corp Bond UCITS ETF EUR (Dist), LSE EUR line; EUN5.DE and IEAC.AS are the same fund. Local (EUR) return.",credit,
emd_local,EMD local currency,J.P. Morgan GBI-EM Global Diversified,EMLC,yahoo,yahoo:LEMB,USD,USD,TR,False,"VanEck J.P. Morgan EM Local Currency Bond ETF (USD, unhedged). LEMB tracks a capped J.P. Morgan EM local index.",credit,
usd_dxy,USD (DXY),ICE US Dollar Index (DXY),DX-Y.NYB,yahoo,fred:DTWEXBGS,index,USD,price,False,"'USD' outright read as DXY (TBC). Index level, spot, no carry. Fallback FRED DTWEXBGS is the broad trade-weighted dollar (a different index).",fx,
fx_em_basket,EM FX basket,MSCI EM Currency Index (proxy),EW basket of 12 EM fx legs,constructed,,USD,USD,spot,False,"'EM v USD' read as an EM currency basket (TBC). Equal-weight, daily-rebalanced mean of the 12 component spot returns vs USD; needs at least 2/3 of components on a day; level rebased to 100 on the first level date. CEW is downloaded as a reference only.",fx,fx_zar;fx_mxn;fx_brl;fx_cop;fx_clp;fx_krw;fx_cny;fx_idr;fx_thb;fx_czk;fx_twd;fx_inr
fx_chf,CHF,CHF/USD spot,CHF=X,yahoo,fred:DEXSZUS/inv,CHF,USD,spot,True,"Spot only, no carry. Level = USD per 1 CHF (Yahoo CHF=X quotes CHF per USD, inverted). FRED H.10 DEXSZUS is used if Yahoo fails or has a gap > 5 weekdays.",fx,
fx_eur,EUR,EUR/USD spot,EURUSD=X,yahoo,fred:DEXUSEU,USD,USD,spot,False,"Spot only, no carry. Level = USD per 1 EUR (Yahoo EURUSD=X already quotes USD per EUR). FRED H.10 DEXUSEU is used if Yahoo fails or has a gap > 5 weekdays.",fx,
fx_gbp,GBP,GBP/USD spot,GBPUSD=X,yahoo,fred:DEXUSUK,USD,USD,spot,False,"Spot only, no carry. Level = USD per 1 GBP (Yahoo GBPUSD=X already quotes USD per GBP). FRED H.10 DEXUSUK is used if Yahoo fails or has a gap > 5 weekdays.",fx,
fx_jpy,JPY,JPY/USD spot,JPY=X,yahoo,fred:DEXJPUS/inv,JPY,USD,spot,True,"Spot only, no carry. Level = USD per 1 JPY (Yahoo JPY=X quotes JPY per USD, inverted). FRED H.10 DEXJPUS is used if Yahoo fails or has a gap > 5 weekdays.",fx,
fx_cad,CAD,CAD/USD spot,CAD=X,yahoo,fred:DEXCAUS/inv,CAD,USD,spot,True,"Spot only, no carry. Level = USD per 1 CAD (Yahoo CAD=X quotes CAD per USD, inverted). FRED H.10 DEXCAUS is used if Yahoo fails or has a gap > 5 weekdays.",fx,
fx_aud,AUD,AUD/USD spot,AUDUSD=X,yahoo,fred:DEXUSAL,USD,USD,spot,False,"Spot only, no carry. Level = USD per 1 AUD (Yahoo AUDUSD=X already quotes USD per AUD). FRED H.10 DEXUSAL is used if Yahoo fails or has a gap > 5 weekdays.",fx,
fx_nzd,NZD,NZD/USD spot,NZDUSD=X,yahoo,fred:DEXUSNZ,USD,USD,spot,False,"Spot only, no carry. Level = USD per 1 NZD (Yahoo NZDUSD=X already quotes USD per NZD). FRED H.10 DEXUSNZ is used if Yahoo fails or has a gap > 5 weekdays.",fx,
fx_sek,SEK,SEK/USD spot,SEK=X,yahoo,fred:DEXSDUS/inv,SEK,USD,spot,True,"Spot only, no carry. Level = USD per 1 SEK (Yahoo SEK=X quotes SEK per USD, inverted). FRED H.10 DEXSDUS is used if Yahoo fails or has a gap > 5 weekdays.",fx,
fx_nok,NOK,NOK/USD spot,NOK=X,yahoo,fred:DEXNOUS/inv,NOK,USD,spot,True,"Spot only, no carry. Level = USD per 1 NOK (Yahoo NOK=X quotes NOK per USD, inverted). FRED H.10 DEXNOUS is used if Yahoo fails or has a gap > 5 weekdays.",fx,
fx_zar,ZAR,ZAR/USD spot,ZAR=X,yahoo,fred:DEXSFUS/inv,ZAR,USD,spot,True,"Spot only, no carry. Level = USD per 1 ZAR (Yahoo ZAR=X quotes ZAR per USD, inverted). FRED H.10 DEXSFUS is used if Yahoo fails or has a gap > 5 weekdays.",fx,
fx_mxn,MXN,MXN/USD spot,MXN=X,yahoo,fred:DEXMXUS/inv,MXN,USD,spot,True,"Spot only, no carry. Level = USD per 1 MXN (Yahoo MXN=X quotes MXN per USD, inverted). FRED H.10 DEXMXUS is used if Yahoo fails or has a gap > 5 weekdays.",fx,
fx_brl,BRL,BRL/USD spot,BRL=X,yahoo,fred:DEXBZUS/inv,BRL,USD,spot,True,"Spot only, no carry. Level = USD per 1 BRL (Yahoo BRL=X quotes BRL per USD, inverted). FRED H.10 DEXBZUS is used if Yahoo fails or has a gap > 5 weekdays.",fx,
fx_cop,COP,COP/USD spot,COP=X,yahoo,,COP,USD,spot,True,"Spot only, no carry. Level = USD per 1 COP (Yahoo COP=X quotes COP per USD, inverted). Not on FRED H.10; Yahoo only.",fx,
fx_clp,CLP,CLP/USD spot,CLP=X,yahoo,,CLP,USD,spot,True,"Spot only, no carry. Level = USD per 1 CLP (Yahoo CLP=X quotes CLP per USD, inverted). Not on FRED H.10; Yahoo only.",fx,
fx_krw,KRW,KRW/USD spot,KRW=X,yahoo,fred:DEXKOUS/inv,KRW,USD,spot,True,"Spot only, no carry. Level = USD per 1 KRW (Yahoo KRW=X quotes KRW per USD, inverted). FRED H.10 DEXKOUS is used if Yahoo fails or has a gap > 5 weekdays.",fx,
fx_cny,CNY,CNY/USD spot,CNY=X,yahoo,fred:DEXCHUS/inv,CNY,USD,spot,True,"Spot only, no carry. Level = USD per 1 CNY (Yahoo CNY=X quotes CNY per USD, inverted). FRED H.10 DEXCHUS is used if Yahoo fails or has a gap > 5 weekdays. Onshore CNY (CNH=X returns no data).",fx,
fx_idr,IDR,IDR/USD spot,IDR=X,yahoo,,IDR,USD,spot,True,"Spot only, no carry. Level = USD per 1 IDR (Yahoo IDR=X quotes IDR per USD, inverted). Not on FRED H.10; Yahoo only.",fx,
fx_thb,THB,THB/USD spot,THB=X,yahoo,fred:DEXTHUS/inv,THB,USD,spot,True,"Spot only, no carry. Level = USD per 1 THB (Yahoo THB=X quotes THB per USD, inverted). FRED H.10 DEXTHUS is used if Yahoo fails or has a gap > 5 weekdays.",fx,
fx_czk,CZK,CZK/USD spot,CZK=X,yahoo,,CZK,USD,spot,True,"Spot only, no carry. Level = USD per 1 CZK (Yahoo CZK=X quotes CZK per USD, inverted). Not on FRED H.10; Yahoo only.",fx,
fx_twd,TWD,TWD/USD spot,DEXTAUS,fred,yahoo:TWD=X/inv,TWD,USD,spot,True,"Spot only, no carry. Level = USD per 1 TWD (FRED H.10 DEXTAUS quotes TWD per USD, inverted). Pinned to FRED 2026-09-29 (TBC): Yahoo TWD=X sits at the weekly-correlation quality gate and its 2015-16 data is poor; Yahoo is the fallback.",fx,
fx_inr,INR,INR/USD spot,INR=X,yahoo,fred:DEXINUS/inv,INR,USD,spot,True,"Spot only, no carry. Level = USD per 1 INR (Yahoo INR=X quotes INR per USD, inverted). FRED H.10 DEXINUS is used if Yahoo fails or has a gap > 5 weekdays.",fx,
fx_em_cew_ref,EM FX reference (CEW),"WisdomTree Emerging Currency Strategy (TR, includes carry)",CEW,yahoo,,USD,USD,TR,False,"Reference series only; not used in any asset. Includes carry, unlike fx_em_basket.",reference,
cash,USD cash,none,,none,,USD,USD,n/a,False,"Funding leg: level constant 1, return 0. Short leg of the outright assets and of every 'XXX v USD' pair.",cash,
