order,topic_id,ontology,group,name,scope
1,S1,sector,Sector,Energy,"Oil, gas and related energy value chain (exploration, production, refining, transport, storage, marketing)."
2,S2,sector,Sector,Materials,"Mining, metals, chemicals, construction materials, paper/forestry and other industrial inputs."
3,S3,sector,Sector,Industrials,"Manufacturing, machinery, aerospace/defense, transport, logistics and engineering services."
4,S4,sector,Sector,Consumer Discretionary,"Non-essential consumption: autos, retail, luxury, travel, leisure, hospitality, restaurants, e-commerce."
5,S5,sector,Sector,Consumer Staples,"Essential consumption: food, beverages, household and personal care products."
6,S6,sector,Sector,Healthcare,"Pharma, biotech, medical devices, providers, diagnostics and life sciences."
7,S7,sector,Sector,Financials,"Banks, insurers, asset managers, exchanges, brokerages and consumer finance."
8,S8,sector,Sector,Information Technology,"Software, semiconductors, hardware, IT services, cloud and cybersecurity."
9,S9,sector,Sector,Communication Services,"Telecom, wireless, internet platforms, social media, digital advertising, streaming and media."
10,S10,sector,Sector,Utilities,"Electricity, natural gas, water and regulated utility services."
11,S11,sector,Sector,Real Estate,"REITs and real estate owners/operators/developers across major property segments."
12,A1,economic,Macro,Growth Expectations,"Investor expectations regarding future economic activity over the next 6-24 months, capturing GDP trends, PMI signals and central bank outlooks."
13,A2,economic,Macro,Inflation Expectations,"Anticipated future price pressures and their impact on monetary policy, interest rates and asset valuations."
14,A3,economic,Macro,Monetary Policy & Liquidity,"The cost and availability of capital in the global financial system, encompassing central bank rate decisions, balance sheet policy and credit conditions."
15,A4,economic,Macro,Financial Conditions & Market Stress,"The ease with which households, businesses, governments and investors can access financing; includes credit spreads, volatility and systemic risk indicators."
16,A5,economic,Macro,China Macro,"China-specific growth, trade, manufacturing and commodity demand dynamics given the country's outsized role in global economic activity."
17,A6,economic,Macro,Structural & Geopolitical Regimes,"Long-term forces reshaping the global economic system, including trade fragmentation, energy transition, demographic shifts and geopolitical realignment."
18,B1,economic,Micro,"Earnings, Profitability & Business Performance","Company-level earnings, margins and revenue trends as the primary driver of long-run equity returns and valuations."
19,B2,economic,Micro,"Investment, Capex & Innovation Cycles","Corporate investment spending, capital expenditure plans and R&D activity as determinants of future productive capacity and growth."
20,B3,economic,Micro,"Capital Structure, Financing & Capital Allocation","How companies finance operations and distribute capital to investors through debt, equity issuance, buybacks and dividends."
